Categoría,Banco,Comercio/Promoción,Cantidad de descuento / beneficio,Día de promoción,Vigencia,Localidad,Montos / topes,Medios de pago,Beneficio adicional,Detalle,Logo URL,URL detalle,URL categoría
Bienestar,Atlas,Feria de Viajes,15% de reintegro; +5% de reintegro; 18 cuotas sin intereses,23 de octubre,"Mínimo de compra para todas las afinidades Gs. 8.000.000. Tope de compra para todas las afinidades Gs. 12.000.000 por cuenta de tarjeta Compras a través de link de pago Atlas Viajes (para Boarding) y Travel Pay (para agencias de la mayorista de DTP). Promoción válida únicamente para la compra de paquetes que incluyan: ticket aéreo, alojamiento y traslados u otros servicios. Promoción no válido para compra exclusiva de tickets aéreos, cancelación de saldos de operaciones anteriores, pagos de reservas realizadas previamente, o servicios individuales que no conformen un paquete turístico completo. Promoválida el día 23 de octubre del 2026. Promo exclusiva para consumo personal. Se exluyen las tarjetas prepagas, corporativas, gourmet card, gift card, afinidad Shopping Mariscal, Shopping Pinedo y Shopping Mariano.",,Para todas las tarjetas Gs. 12.000.000; Mínimo de compra para todas las afinidades Gs. 8.000.000,con tarjetas de crédito,"+5% de reintegro con tarjetas de crédito Mastercard Black, Visa Infinite y Signature delSol","con tarjetas de crédito +5% de reintegro con tarjetas de crédito Mastercard Black, Visa Infinite y Signature delSol Mínimo de compra para todas las afinidades Gs. 8.000.000. Tope de compra para todas las afinidades Gs. 12.000.000 por cuenta de tarjeta Compras a través de link de pago Atlas Viajes (para Boarding) y Travel Pay (para agencias de la mayorista de DTP). Promoción válida únicamente para la compra de paquetes que incluyan: ticket aéreo, alojamiento y traslados u otros servicios. Promoción no válido para compra exclusiva de tickets aéreos, cancelación de saldos de operaciones anteriores, pagos de reservas realizadas previamente, o servicios individuales que no conformen un paquete turístico completo. Promoválida el día 23 de octubre del 2026. Promo exclusiva para consumo personal. Se exluyen las tarjetas prepagas, corporativas, gourmet card, gift card, afinidad Shopping Mariscal, Shopping Pinedo y Shopping Mariano.",https://www.bancoatlas.com.py/rails/active_storage/blobs/redirect/eyJfcmFpbHMiOnsibWVzc2FnZSI6IkJBaHBBc0lUIiwiZXhwIjpudWxsLCJwdXIiOiJibG9iX2lkIn19--697978a90ce3171c10d01e17cb563a997ce6b180/Viajes.png?disposition=inline,https://www.bancoatlas.com.py/web/beneficios,https://www.bancoatlas.com.py/web/beneficios
Bienestar,Atlas,Mariscal Miércoles Plus,20% de descuento; +10% de reintegro; 3 cuotas sin intereses,21 de octubre,"Tope de compra por cuenta de tarjeta para el reinetgro Gs. 5.000.000. Promo válida el 21/10/2026 en tiendas adheridas al Miércoles de Beneficio en el Shopping Mariscal y para compras realizadas a través del POS de la Red Infonet. Reintegro válido solo pagando con Tarjeta de Crédito con QR. Se excluyen las tarjetas prepago, corporativas, gourmet card, gift card, afinidad Shopping Mariscal, Shopping Mariano, Shopping Pinedo. Promoción exclusiva para consumo personal.",Asunción,Gs. 5.000.000 para todas las tarjetas de crédito.,con tarjetas de crédito,+10% de reintegro pagando con QR,"con tarjetas de crédito +10% de reintegro pagando con QR Tope de compra por cuenta de tarjeta para el reinetgro Gs. 5.000.000. Promo válida el 21/10/2026 en tiendas adheridas al Miércoles de Beneficio en el Shopping Mariscal y para compras realizadas a través del POS de la Red Infonet. Reintegro válido solo pagando con Tarjeta de Crédito con QR. Se excluyen las tarjetas prepago, corporativas, gourmet card, gift card, afinidad Shopping Mariscal, Shopping Mariano, Shopping Pinedo. Promoción exclusiva para consumo personal.",https://www.bancoatlas.com.py/rails/active_storage/blobs/redirect/eyJfcmFpbHMiOnsibWVzc2FnZSI6IkJBaHBBZ0FUIiwiZXhwIjpudWxsLCJwdXIiOiJibG9iX2lkIn19--0dd8c13e67ed49c21c70527ad505e626430d3531/Atlas_Beneficios_web2_Mariscal%20Madres.png?disposition=inline,https://www.bancoatlas.com.py/web//Tiendas%20adheridas%20Mi%C3%A9rcoles%20Plus.pdf,https://www.bancoatlas.com.py/web/beneficios?page=2
Bienestar,Atlas,Martiderm,20% de descuento; 3 cuotas sin intereses,Último jueves del mes,"La cantidad de cuotas se solicita en caja para compras a partir de Gs. 200.000 y transacciones realizadas a través del POS de la red Infonet. Válido en los locales adheridos. Beneficios exclusivos para consumo personal. Vigente todos los últimos jueves de cada mes hasta el 31/12 del 2026. Se excluyen tarjetas prepagas, corporativas, gourmet card, gift card y las afinidades Shopping Mariscal, Shopping Pinedo y Shoping Mariano.",,,con tarjetas de crédito,,"con tarjetas de crédito La cantidad de cuotas se solicita en caja para compras a partir de Gs. 200.000 y transacciones realizadas a través del POS de la red Infonet. Válido en los locales adheridos. Beneficios exclusivos para consumo personal. Vigente todos los últimos jueves de cada mes hasta el 31/12 del 2026. Se excluyen tarjetas prepagas, corporativas, gourmet card, gift card y las afinidades Shopping Mariscal, Shopping Pinedo y Shoping Mariano.",https://www.bancoatlas.com.py/rails/active_storage/blobs/redirect/eyJfcmFpbHMiOnsibWVzc2FnZSI6IkJBaHBBb1lUIiwiZXhwIjpudWxsLCJwdXIiOiJibG9iX2lkIn19--8d53af6ff49783eb23373dff3bf24c8038863157/martiderm.png?disposition=inline,https://www.bancoatlas.com.py/web/beneficios,https://www.bancoatlas.com.py/web/beneficios?page=2
Bienestar,Atlas,Prepaga Joven,20% de reintegro; En tiendas adheridas:,Todos los días,"Válido exclusivamente para compras realizadas con tarjeta de crédito Prepaga Joven Atlas, a través del POS de la Red Infonet. Tope de compra mensual Gs. 1.000.000 acumulado en locales adheridos. Vigente a partir del 20 de febrero de 2026 y hasta el 31 de enero de 2027. Se excluyen otras tarjetas prepagas.",,Gs 1.000.000 para tarjetas Prepaga Joven,con tarjeta Prepaga Joven,"En tiendas adheridas: Burger King, La Casita Gourmet, McDonald's, Tía Laura, Adidas, Nike, Meta Sports, Gimnasio, Smart Fit y Cinemark.","con tarjeta Prepaga Joven En tiendas adheridas: Burger King, La Casita Gourmet, McDonald's, Tía Laura, Adidas, Nike, Meta Sports, Gimnasio, Smart Fit y Cinemark. Válido exclusivamente para compras realizadas con tarjeta de crédito Prepaga Joven Atlas, a través del POS de la Red Infonet. Tope de compra mensual Gs. 1.000.000 acumulado en locales adheridos. Vigente a partir del 20 de febrero de 2026 y hasta el 31 de enero de 2027. Se excluyen otras tarjetas prepagas.",https://www.bancoatlas.com.py/rails/active_storage/blobs/redirect/eyJfcmFpbHMiOnsibWVzc2FnZSI6IkJBaHBBbmNUIiwiZXhwIjpudWxsLCJwdXIiOiJibG9iX2lkIn19--3fb0d7e367649fe56f29b89e6618cf88dcf78c2a/prepaga.png?disposition=inline,https://www.bancoatlas.com.py/web/beneficios,https://www.bancoatlas.com.py/web/beneficios?page=2
Bienestar,Atlas,delSol Shopping - Cheques delSol,40% de bonificación; 30% de bonificación; 12 cuotas sin intereses,17 de octubre,"Tope de compra acumulado por cuenta de tarjeta Gs. 70.000.000 para tarjetas de crédito delSol Atlas Signature, Gs. 30.000.000 para tarjetas de crédito delSol Atlas Clásica. La cantidad de cuotas se solicita en la App del Sol al momento de la compra del cheque, hasta 12 cuotas sin intereses para compras a partir de Gs. 1.000.000. Vigente el 17 de octubre de 2026. No acumulable con otras promociones. Se excluyen tarjetas que no sean afinidad delSol Atlas. Beneficios exclusivos para consumo personal.",,Para tarjetas de crédito Signature delSol Gs. 70.000.000; Para tarjetas de crédito delSol Clásica Gs. 30.000.000,en cheques con tarjetas Signature delSol,30% de bonificación en cheques con tarjetas de crédito delSol clásica,"en cheques con tarjetas Signature delSol 30% de bonificación en cheques con tarjetas de crédito delSol clásica Tope de compra acumulado por cuenta de tarjeta Gs. 70.000.000 para tarjetas de crédito delSol Atlas Signature, Gs. 30.000.000 para tarjetas de crédito delSol Atlas Clásica. La cantidad de cuotas se solicita en la App del Sol al momento de la compra del cheque, hasta 12 cuotas sin intereses para compras a partir de Gs. 1.000.000. Vigente el 17 de octubre de 2026. No acumulable con otras promociones. Se excluyen tarjetas que no sean afinidad delSol Atlas. Beneficios exclusivos para consumo personal.",https://www.bancoatlas.com.py/rails/active_storage/blobs/redirect/eyJfcmFpbHMiOnsibWVzc2FnZSI6IkJBaHBBbkFUIiwiZXhwIjpudWxsLCJwdXIiOiJibG9iX2lkIn19--38a15a208f2ab567a3fee36d333d3f8beafca5ee/delsol.png?disposition=inline,https://www.bancoatlas.com.py/web/beneficios,https://www.bancoatlas.com.py/web/beneficios?page=2
Educación,Atlas,Anualidad Escolar,12 cuotas sin intereses,Todos los días,"La cantidad de cuotas deberá solicitarse al momento del pago en caja, válido para compras a partir de Gs. 10.000.000 y transacciones realizadas a través de POS de la red Infonet. Vigente desde el 1 de octubre del 2026 hasta el 28 de febrero del 2027. Beneficio exclusivo para el pago de la anualidad escolar. Se excluyen las tarjetas prepagas, corporativas, Gourmet Card, Gift Card y las tarjetas de afinidad Shopping Mariscal, Shopping Pinedo y Shopping Mariano. Beneficio exclusivo para consumo personal.",,,,,"La cantidad de cuotas deberá solicitarse al momento del pago en caja, válido para compras a partir de Gs. 10.000.000 y transacciones realizadas a través de POS de la red Infonet. Vigente desde el 1 de octubre del 2026 hasta el 28 de febrero del 2027. Beneficio exclusivo para el pago de la anualidad escolar. Se excluyen las tarjetas prepagas, corporativas, Gourmet Card, Gift Card y las tarjetas de afinidad Shopping Mariscal, Shopping Pinedo y Shopping Mariano. Beneficio exclusivo para consumo personal.",https://www.bancoatlas.com.py/rails/active_storage/blobs/redirect/eyJfcmFpbHMiOnsibWVzc2FnZSI6IkJBaHBBcjhUIiwiZXhwIjpudWxsLCJwdXIiOiJibG9iX2lkIn19--93f6354771a4ba2b849cfca2b0753eb337a776a0/Colegios.png?disposition=inline,https://www.bancoatlas.com.py/web/beneficios,https://www.bancoatlas.com.py/web/beneficios?page=2
Educación,Atlas,Universidades,12 cuotas sin intereses,Todos los días,"La cantidad de cuotas se solicita en caja, hasta 12 cuotas sin intereses para compras a partir de Gs. 200.000 a través del POS de la Red Infonet en comercios adheridos a los rubros mencionados. Beneficio exclusivo para consumo personal. Vigente hasta el 31 de diciembre de 2026. Se excluyen tarjetas de crédito prepagas, corporativas, gourmet card y gift card.",,"Universidad Católica, Universidad Americana, USIL, Universidad del Pacífico, UNIVE, Universidad San Carlos, PwC Academy, Potencial Humano, UCOM, Universidad Columbia, MarketData Academy.",con tarjetas de crédito,,"con tarjetas de crédito La cantidad de cuotas se solicita en caja, hasta 12 cuotas sin intereses para compras a partir de Gs. 200.000 a través del POS de la Red Infonet en comercios adheridos a los rubros mencionados. Beneficio exclusivo para consumo personal. Vigente hasta el 31 de diciembre de 2026. Se excluyen tarjetas de crédito prepagas, corporativas, gourmet card y gift card.",https://www.bancoatlas.com.py/rails/active_storage/blobs/redirect/eyJfcmFpbHMiOnsibWVzc2FnZSI6IkJBaHBBcllUIiwiZXhwIjpudWxsLCJwdXIiOiJibG9iX2lkIn19--5f627c10c3db0e82e794761b670432102f883b18/Universidades.png?disposition=inline,https://www.bancoatlas.com.py/web/beneficios,https://www.bancoatlas.com.py/web/beneficios?page=3
Gastronomía,Atlas,AgroShopping,20% de reintegro,Todos los Martes,"Tope de compra por cuenta de tarjeta Gs. 500.000. Promo válida para compras realizadas a través del POS de la red infonet en stands adheridos. Vigente todos los martes, del 1 de septiembre al 29 de diciembre del 2026. Beneficio exclusivo para consumo personal. Se excluyen las tarjetas prepaga, corporativa, gourmet card, gift card, afinidad Shopping Mariscal, Shoping Pinedo y Shopping Mariano.",Asunción,Gs. 500.000 para todas las tarjetas de crédito.,con tarjetas de crédito,"En stands adheridos: Capi´Ipe, Artesanía Angélica, Combitos, Miel Insuperable, Granja Fuji, Bazar 99, Kang, Poha Raity, Vivero María Cristina, Tortillas Sonora, Alejandro Rodriguez","con tarjetas de crédito En stands adheridos: Capi´Ipe, Artesanía Angélica, Combitos, Miel Insuperable, Granja Fuji, Bazar 99, Kang, Poha Raity, Vivero María Cristina, Tortillas Sonora, Alejandro Rodriguez Tope de compra por cuenta de tarjeta Gs. 500.000. Promo válida para compras realizadas a través del POS de la red infonet en stands adheridos. Vigente todos los martes, del 1 de septiembre al 29 de diciembre del 2026. Beneficio exclusivo para consumo personal. Se excluyen las tarjetas prepaga, corporativa, gourmet card, gift card, afinidad Shopping Mariscal, Shoping Pinedo y Shopping Mariano.",https://www.bancoatlas.com.py/rails/active_storage/blobs/redirect/eyJfcmFpbHMiOnsibWVzc2FnZSI6IkJBaHBBcUFUIiwiZXhwIjpudWxsLCJwdXIiOiJibG9iX2lkIn19--d0813abdef47d67e623e2742c52d019c5d749b56/AgroShopping%20logo.png?disposition=inline,https://www.bancoatlas.com.py/web/beneficios,https://www.bancoatlas.com.py/web/beneficios?page=2
Gastronomía,Atlas,Beneficios gastronómicos,20% de reintegro; +5% de reintegro,Viernes y Sábados,"Tope de compra acumulado por cuenta de tarjeta Gs. 2.000.000 para tarjetas de crédito Visa Infinite, Visa Signature y Mastercard Black, Gs. 1.000.000 para tarjetas de crédito Clásica y Oro en el conjunto de restaurantes adheridos a la promoción gastronómica. Aplica para pagos realizados a través del POS de la Red Infonet. Vigente todos los viernes y sábados hasta el 26 de diciembre de 2026. Beneficio exclusivo para consumo personal. Se excluyen tarjetas de crédito prepagas, corporativas, gourmet card y gift card.",,"Gs. 2.000.000 para tarjetas de crédito Mastercard Black, Visa Infinite y Signature delSol.; Gs. 1.000.000 para tarjetas de crédito Clásica y Oro.",con tarjetas de crédito,"+5% de reintegro con tarjetas de crédito Mastercard Black, Visa Infinite y Signature delSol","con tarjetas de crédito +5% de reintegro con tarjetas de crédito Mastercard Black, Visa Infinite y Signature delSol Tope de compra acumulado por cuenta de tarjeta Gs. 2.000.000 para tarjetas de crédito Visa Infinite, Visa Signature y Mastercard Black, Gs. 1.000.000 para tarjetas de crédito Clásica y Oro en el conjunto de restaurantes adheridos a la promoción gastronómica. Aplica para pagos realizados a través del POS de la Red Infonet. Vigente todos los viernes y sábados hasta el 26 de diciembre de 2026. Beneficio exclusivo para consumo personal. Se excluyen tarjetas de crédito prepagas, corporativas, gourmet card y gift card.",https://www.bancoatlas.com.py/rails/active_storage/blobs/redirect/eyJfcmFpbHMiOnsibWVzc2FnZSI6IkJBaHBBcmtUIiwiZXhwIjpudWxsLCJwdXIiOiJibG9iX2lkIn19--45b298c572c37c5927c6f2bf87611407882a24ba/Gastronom%C3%ADa.png?disposition=inline,https://www.bancoatlas.com.py/web/Locales%20gastron%C3%B3micos%20adheridos.jpg,https://www.bancoatlas.com.py/web/beneficios
Gastronomía,Atlas,Gastro Mariscal,20% de reintegro,Lunes a Viernes,"Monto mínimo de compra Gs. 50.000. Tope de compra acumulado por cuenta de tarjeta Gs. 1.000.000 para tarjetas de crédito Visa Infinite y Mastercard Black, Gs. 500.000 para tarjetas de crédito Clásica y Oro. Aplica para compras realizadas a través del POS de la Red Infonet en el conjunto de locales gastronómicos del Shopping Mariscal. Vigente del 4 de febrero de 2026 al 31 de marzo de 2027. Beneficio exclusivo para consumo personal. Se excluyen tarjetas de crédito prepagas, corporativas, gourmet card, gift card y las afinidades delSol, Shopping Mariscal, Pinedo y Mariano.",,Gs. 1.000.000 para tarjetas de crédito Visa Infinite y Mastercard Black.; Gs. 500.000 para tarjetas de crédito Clásica y Oro.; Mínimo de compra Gs. 50.000.-,con tarjetas de crédito,,"con tarjetas de crédito Monto mínimo de compra Gs. 50.000. Tope de compra acumulado por cuenta de tarjeta Gs. 1.000.000 para tarjetas de crédito Visa Infinite y Mastercard Black, Gs. 500.000 para tarjetas de crédito Clásica y Oro. Aplica para compras realizadas a través del POS de la Red Infonet en el conjunto de locales gastronómicos del Shopping Mariscal. Vigente del 4 de febrero de 2026 al 31 de marzo de 2027. Beneficio exclusivo para consumo personal. Se excluyen tarjetas de crédito prepagas, corporativas, gourmet card, gift card y las afinidades delSol, Shopping Mariscal, Pinedo y Mariano.",https://www.bancoatlas.com.py/rails/active_storage/blobs/redirect/eyJfcmFpbHMiOnsibWVzc2FnZSI6IkJBaHBBc29TIiwiZXhwIjpudWxsLCJwdXIiOiJibG9iX2lkIn19--9f83f9750f24e45580e07b8ae6e0a6ac1b9cfff2/Atlas_Beneficios_web2_Gastro%20Mariscal.png?disposition=inline,https://www.bancoatlas.com.py/web/beneficios,https://www.bancoatlas.com.py/web/beneficios
Generales,Atlas,Atlas Week delSol Shopping,20% de reintegro; +10% de reintegro; 12 cuotas sin intereses,Del 1/10 al 4/10,"Promoción válida en locales adheridos, para transacciones realizadas a través de POS de la Red Bancard. Tope de compra Gs. 30.000.000 por cuenta de tarjeta en el conjunto de locales adheridos a la promoción. La cantidad de cuotas se solicita en caja o en la App al momento del pago para compras a partir de Gs. 200.000. Beneficio exclusivo para consumo personal. Se excluyen las tarjetas prepagas, corporativas, gourmet card, gift card y las que no sean afinidad Atlas delSol.",,Gs. 30.000.000 para tarjetas de crédito delSol.,con tarjetas de crédito delSol clásica,+10% de reintegro con tarjetas de crédito Signature delSol,"con tarjetas de crédito delSol clásica +10% de reintegro con tarjetas de crédito Signature delSol Promoción válida en locales adheridos, para transacciones realizadas a través de POS de la Red Bancard. Tope de compra Gs. 30.000.000 por cuenta de tarjeta en el conjunto de locales adheridos a la promoción. La cantidad de cuotas se solicita en caja o en la App al momento del pago para compras a partir de Gs. 200.000. Beneficio exclusivo para consumo personal. Se excluyen las tarjetas prepagas, corporativas, gourmet card, gift card y las que no sean afinidad Atlas delSol.",https://www.bancoatlas.com.py/rails/active_storage/blobs/redirect/eyJfcmFpbHMiOnsibWVzc2FnZSI6IkJBaHBBcjBUIiwiZXhwIjpudWxsLCJwdXIiOiJibG9iX2lkIn19--d12b71e0054bf4a3e541b09d423cebf0a6010850/Atlas_Beneficios_web2_Cheques%20del%20Sol%20(1).png?disposition=inline,https://www.bancoatlas.com.py/web//Bajada_Digital_AtlasWeek_SpringSummer_Adheridos-02.png,https://www.bancoatlas.com.py/web/beneficios
Generales,Atlas,Beneficios Spa y Peluquerías,20% de reintegro; +5% de reintegro,Todos los Sábados,"Tope de compra acumulado por cuenta de tarjeta Gs. 800.000 para tarjetas de crédito Visa Infinite, Visa Signature y Mastercard Black, Gs. 500.000 para tarjetas de crédito Clásica y Oro en el conjunto de locales adheridos a la promo Spa y Peluquerías. Aplica para compras realizadas a través del POS de la Red Infonet. Vigente todos los sábados hasta el 26 de diciembre de 2026. Beneficio exclusivo para consumo personal. Se excluyen tarjetas de crédito prepagas, corporativas, gourmet card y gift card.",,"Gs. 800.000 para tarjetas de crédito Mastercard Black, Visa Infinite y Signature delSol.; Gs. 500.000 para tarjetas de crédito Clásica y Oro.",con tarjetas de crédito,"+5% de reintegro con tarjetas de crédito Mastercard Black, Visa Infinite y Signature delSol","con tarjetas de crédito +5% de reintegro con tarjetas de crédito Mastercard Black, Visa Infinite y Signature delSol Tope de compra acumulado por cuenta de tarjeta Gs. 800.000 para tarjetas de crédito Visa Infinite, Visa Signature y Mastercard Black, Gs. 500.000 para tarjetas de crédito Clásica y Oro en el conjunto de locales adheridos a la promo Spa y Peluquerías. Aplica para compras realizadas a través del POS de la Red Infonet. Vigente todos los sábados hasta el 26 de diciembre de 2026. Beneficio exclusivo para consumo personal. Se excluyen tarjetas de crédito prepagas, corporativas, gourmet card y gift card.",https://www.bancoatlas.com.py/rails/active_storage/blobs/redirect/eyJfcmFpbHMiOnsibWVzc2FnZSI6IkJBaHBBcnNUIiwiZXhwIjpudWxsLCJwdXIiOiJibG9iX2lkIn19--2a0d6f947765c9cce8fc53f7e3f57249cf58e535/Spa%20y%20peluquer%C3%ADa.png?disposition=inline,https://www.bancoatlas.com.py/web/Spa%20y%20Peluqueria%20adheridas.png,https://www.bancoatlas.com.py/web/beneficios
Generales,Atlas,Biggie Farma,20% de descuento; +10% de reintegro,Todos los Lunes,"Monto mínimo de compra Gs. 50.000.Tope de compra acumulado por cuenta de tarjeta Gs. 1.000.000 para tarjetas de crédito Visa Infinite, Visa Signature y Mastercard Black, Gs. 500.000 para tarjetas de crédito Clásica y Oro. Aplica para compras realizadas a través del POS de la Red Infonet. No incluye delivery o compras a través del E-Commerce. Valido todos los Lunes hasta el 28 de diciembre del 2026. Beneficios exclusivos para consumo personal. Se excluyen tarjetas de crédito prepagas, corporativas, gourmet card y gift card y las afinidades Shopping Mariscal, Pinedo y Mariano.",,"Gs. 1.000.000 para tarjetas de crédito Visa Infinite, Visa Signature y Mastercard Black; Gs. 500.000 para tarjetas de crédito Clásicas y Oro.",,+10% de reintegro con todas las tarjetas de crédito,"+10% de reintegro con todas las tarjetas de crédito Monto mínimo de compra Gs. 50.000.Tope de compra acumulado por cuenta de tarjeta Gs. 1.000.000 para tarjetas de crédito Visa Infinite, Visa Signature y Mastercard Black, Gs. 500.000 para tarjetas de crédito Clásica y Oro. Aplica para compras realizadas a través del POS de la Red Infonet. No incluye delivery o compras a través del E-Commerce. Valido todos los Lunes hasta el 28 de diciembre del 2026. Beneficios exclusivos para consumo personal. Se excluyen tarjetas de crédito prepagas, corporativas, gourmet card y gift card y las afinidades Shopping Mariscal, Pinedo y Mariano.",https://www.bancoatlas.com.py/rails/active_storage/blobs/redirect/eyJfcmFpbHMiOnsibWVzc2FnZSI6IkJBaHBBdk1TIiwiZXhwIjpudWxsLCJwdXIiOiJibG9iX2lkIn19--639e74b4eea3c8d2b21cef0b2088268aa5c9729c/BAtlas_BiggieFarma_Portada_Web.png?disposition=inline,https://www.bancoatlas.com.py/web/beneficios,https://www.bancoatlas.com.py/web/beneficios
Generales,Atlas,Estaciones de Servicio,20% de reintegro; +5% de reintegro,Todos los Martes,"Mínimo de compra Gs. 200.000. Tope de compra acumulado por cuenta de tarjeta Gs. 1.000.000 para tarjetas de crédito Visa Infinite, Visa Signature y Mastercard Black, Gs. 700.000 para tarjetas de crédito Clásica y Oro en el conjunto de estaciones adheridas a la promoción a través del POS de la Red Infonet y para estaciones Petrobras exclusivamente pagos realizados a través de la App Petrobras Premmia. Vigente todos los martes hasta el 29 de diciembre de 2026. Beneficio exclusivo para consumo personal. Se excluyen tarjetas de crédito prepagas, corporativas, gourmet card y gift card.",,"Gs 1.000.000 para tarjetas de crédito Mastercard Black, Visa Infinite y Signature delSol.; Gs. 700.000 para tarjetas de crédito Clásica y Oro.; Mínimo de compra Gs. 200.000",con todas las tarjetas de crédito,"+5% de reintegro con tarjetas de crédito Mastercard Black, Visa Infinite y Signature delSol","con todas las tarjetas de crédito +5% de reintegro con tarjetas de crédito Mastercard Black, Visa Infinite y Signature delSol Mínimo de compra Gs. 200.000. Tope de compra acumulado por cuenta de tarjeta Gs. 1.000.000 para tarjetas de crédito Visa Infinite, Visa Signature y Mastercard Black, Gs. 700.000 para tarjetas de crédito Clásica y Oro en el conjunto de estaciones adheridas a la promoción a través del POS de la Red Infonet y para estaciones Petrobras exclusivamente pagos realizados a través de la App Petrobras Premmia. Vigente todos los martes hasta el 29 de diciembre de 2026. Beneficio exclusivo para consumo personal. Se excluyen tarjetas de crédito prepagas, corporativas, gourmet card y gift card.",https://www.bancoatlas.com.py/rails/active_storage/blobs/redirect/eyJfcmFpbHMiOnsibWVzc2FnZSI6IkJBaHBBcmdUIiwiZXhwIjpudWxsLCJwdXIiOiJibG9iX2lkIn19--4198712d180955147f5192470984ac0aaa5bd4d4/Estaciones%20de%20Servicio.png?disposition=inline,https://www.bancoatlas.com.py/web/Estaciones%20de%20servicio%20adheridas%20sept.pdf,https://www.bancoatlas.com.py/web/beneficios
Generales,Atlas,Impuestos al día,12 cuotas sin intereses,Todos los días,"La cantidad de cuotas se solicita en caja, hasta 12 cuotas sin intereses para compras a partir de Gs. 1.000.000 a través del POS de la Red Infonet en comercios adheridos a los rubros mencionados. Beneficio exclusivo para consumo personal. Vigente hasta el 31 de diciembre de 2026. Se excluyen tarjetas de crédito prepagas, corporativas, gourmet card y gift card.",,"Asunción, Benjamín Aceval, Caaguazú, Ciudad del Este, Hernandarias, Lambaré, Luque y Mariano Roque Alonso.",con tarjetas de crédito,,"con tarjetas de crédito La cantidad de cuotas se solicita en caja, hasta 12 cuotas sin intereses para compras a partir de Gs. 1.000.000 a través del POS de la Red Infonet en comercios adheridos a los rubros mencionados. Beneficio exclusivo para consumo personal. Vigente hasta el 31 de diciembre de 2026. Se excluyen tarjetas de crédito prepagas, corporativas, gourmet card y gift card.",https://www.bancoatlas.com.py/rails/active_storage/blobs/redirect/eyJfcmFpbHMiOnsibWVzc2FnZSI6IkJBaHBBclVUIiwiZXhwIjpudWxsLCJwdXIiOiJibG9iX2lkIn19--ede053d531cb07deeeb5fa0685a97c50f487891c/Impuestos.png?disposition=inline,https://www.bancoatlas.com.py/web/beneficios,https://www.bancoatlas.com.py/web/beneficios?page=3
Generales,Atlas,L'uomo,6 cuotas sin intereses,Todos los días,"La cantidad de cuotas se solicita en caja para compras a partir de Gs. 200.000 . Valida para compras realizadas a través del POS de la red Infonet. Válido para las sucursales L\\\'uomo de Shopping Vilamorra, Shopping Multiplaza, Shopping Zuni CDE y Lambaré. Beneficios exclusivos para consumo personal. Vigente todos los días del 01/06 al 31/12 del 2026. Se excluyen tarjetas prepagas, corporativas, gourmet card, gift card y las afinidades Shopping Mariscal, Shopping Pinedo y Shoping Mariano. Bases y condiciones en www.bancoatlas.com.py",,,,,"La cantidad de cuotas se solicita en caja para compras a partir de Gs. 200.000 . Valida para compras realizadas a través del POS de la red Infonet. Válido para las sucursales L\\\'uomo de Shopping Vilamorra, Shopping Multiplaza, Shopping Zuni CDE y Lambaré. Beneficios exclusivos para consumo personal. Vigente todos los días del 01/06 al 31/12 del 2026. Se excluyen tarjetas prepagas, corporativas, gourmet card, gift card y las afinidades Shopping Mariscal, Shopping Pinedo y Shoping Mariano. Bases y condiciones en www.bancoatlas.com.py",https://www.bancoatlas.com.py/rails/active_storage/blobs/redirect/eyJfcmFpbHMiOnsibWVzc2FnZSI6IkJBaHBBdkFTIiwiZXhwIjpudWxsLCJwdXIiOiJibG9iX2lkIn19--4c8211887cde8e86cf497362337f660f45216de5/luomo.png?disposition=inline,https://www.bancoatlas.com.py/web/beneficios,https://www.bancoatlas.com.py/web/beneficios?page=3
Generales,Atlas,Pinedo Shopping,20% de descuento; 3 cuotas sin intereses,Todos los viernes,"El descuento se realiza en caja. La cantidad de cuotas se solicita en caja, hasta 3 cuotas sin intereses para compras a partir de Gs. 200.000 a través del POS de la Red Infonet. Aplica para tiendas adheridas a la promoción. Beneficio exclusivo para consumo personal. Vigente todos los viernes, a partir del 20 de marzo de 2026 al 26 de febrero de 2027. Se excluyen tarjetas de crédito prepagas, corporativas, gourmet card y gift card.",,,con tarjetas de crédito en tiendas adheridas,,"con tarjetas de crédito en tiendas adheridas El descuento se realiza en caja. La cantidad de cuotas se solicita en caja, hasta 3 cuotas sin intereses para compras a partir de Gs. 200.000 a través del POS de la Red Infonet. Aplica para tiendas adheridas a la promoción. Beneficio exclusivo para consumo personal. Vigente todos los viernes, a partir del 20 de marzo de 2026 al 26 de febrero de 2027. Se excluyen tarjetas de crédito prepagas, corporativas, gourmet card y gift card.",https://www.bancoatlas.com.py/rails/active_storage/blobs/redirect/eyJfcmFpbHMiOnsibWVzc2FnZSI6IkJBaHBBdG9TIiwiZXhwIjpudWxsLCJwdXIiOiJibG9iX2lkIn19--cdaed2f9b94d91a8edffd2857b54e1de9932f5dd/iconos-web-1080x720px_pinedo.png?disposition=inline,https://www.bancoatlas.com.py/web/Tiendas%20adheridas%20Pinedo.jpg,https://www.bancoatlas.com.py/web/beneficios?page=3
Generales,Atlas,delSol,12 cuotas sin intereses,Todos los días,"La cantidad de cuotas debe ser solicitada en caja para compras a partir de Gs. 200.000 y transacciones realizadas a través del POS de la red Infonet. Promoción válida todos los días para tarjetas afinidad delSol en todos los locales comerciales de delSol Shopping. Beneficio exclusivo para consumo personal. Se excluyen las tarjetas prepagas, corporativas, gourmet card, gif card y las que no son afinidad delSol.",,,con tarjetas de crédito delSol Atlas,,"con tarjetas de crédito delSol Atlas La cantidad de cuotas debe ser solicitada en caja para compras a partir de Gs. 200.000 y transacciones realizadas a través del POS de la red Infonet. Promoción válida todos los días para tarjetas afinidad delSol en todos los locales comerciales de delSol Shopping. Beneficio exclusivo para consumo personal. Se excluyen las tarjetas prepagas, corporativas, gourmet card, gif card y las que no son afinidad delSol.",https://www.bancoatlas.com.py/rails/active_storage/blobs/redirect/eyJfcmFpbHMiOnsibWVzc2FnZSI6IkJBaHBBdm9TIiwiZXhwIjpudWxsLCJwdXIiOiJibG9iX2lkIn19--bd0c47045a9fbc2ee14096eb367c7eae8af45b22/Atlas_Beneficios_web2_Cheques%20del%20Sol.png?disposition=inline,https://www.bancoatlas.com.py/web/beneficios,https://www.bancoatlas.com.py/web/beneficios?page=3
Hogar,Atlas,Renová tu Hogar,12 cuotas sin intereses,Todos los días,"La cantidad de cuotas se solicita en caja, hasta 12 cuotas sin intereses para compras a partir de Gs. 1.000.000 a través del POS de la Red Infonet en comercios adheridos a los rubros mencionados. Beneficio exclusivo para consumo personal. Vigente hasta el 31 de diciembre de 2026. Se excluyen tarjetas de crédito prepagas, corporativas, gourmet card y gift card.",,"Artículos electrónicos, Casas de pinturas, Ferreterías Mueblería y Decoración, Equipos musicales y Electrodomésticos.",con tarjetas de crédito,,"con tarjetas de crédito La cantidad de cuotas se solicita en caja, hasta 12 cuotas sin intereses para compras a partir de Gs. 1.000.000 a través del POS de la Red Infonet en comercios adheridos a los rubros mencionados. Beneficio exclusivo para consumo personal. Vigente hasta el 31 de diciembre de 2026. Se excluyen tarjetas de crédito prepagas, corporativas, gourmet card y gift card.",https://www.bancoatlas.com.py/rails/active_storage/blobs/redirect/eyJfcmFpbHMiOnsibWVzc2FnZSI6IkJBaHBBclFUIiwiZXhwIjpudWxsLCJwdXIiOiJibG9iX2lkIn19--67466809c371f4aaa280be196cf390aaabd9a632/Hogar.png?disposition=inline,https://www.bancoatlas.com.py/web/beneficios,https://www.bancoatlas.com.py/web/beneficios?page=3
Hogar,Atlas,SUEÑOLAR,18 Cuotas sin intereses,Todos los días,"La cantidad de cuotas se solicita en caja para compras a partir de Gs. 1.000.000 y transacciones realizadas a través del POS de la red Infonet. Válido todos los días hasta el 31 de diciembre en las tiendas Sueñolar y tiendas multimarca Sueñolar y Koala. Se excluyen las tarjetas prepaga, corporativa, gourmet card, gift card, afinidad Shopping Mariscal, Shopping Pinedo, Shopping Mariano.",,,,,"La cantidad de cuotas se solicita en caja para compras a partir de Gs. 1.000.000 y transacciones realizadas a través del POS de la red Infonet. Válido todos los días hasta el 31 de diciembre en las tiendas Sueñolar y tiendas multimarca Sueñolar y Koala. Se excluyen las tarjetas prepaga, corporativa, gourmet card, gift card, afinidad Shopping Mariscal, Shopping Pinedo, Shopping Mariano.",https://www.bancoatlas.com.py/rails/active_storage/blobs/redirect/eyJfcmFpbHMiOnsibWVzc2FnZSI6IkJBaHBBcndUIiwiZXhwIjpudWxsLCJwdXIiOiJibG9iX2lkIn19--d838ee8f34667002524d5ce469acad63aa78ff92/Digital_SUE%C3%91OLAR_BAtlas_logo.png?disposition=inline,https://www.bancoatlas.com.py/web/beneficios,https://www.bancoatlas.com.py/web/beneficios?page=2
Moda,Atlas,Cecconello,20% de descuento; 10 cuotas sin intereses,15 al 31 de octubre,"Descuento aplicado en caja hasta 20%. La cantidad de cuotas se solicita al momento de la compra, hasta 10 cuotas sin intereses para compras a partir de Gs. 200.000 a través de la Red Infonet. Beneficio exclusivo para consumo personal. Se excluyen tarjetas de crédito prepagas, corporativas, gourmet card, gift card y las afinidades Mariscal, Pinedo y Mariano.",,,con tarjetas de crédito,,"con tarjetas de crédito Descuento aplicado en caja hasta 20%. La cantidad de cuotas se solicita al momento de la compra, hasta 10 cuotas sin intereses para compras a partir de Gs. 200.000 a través de la Red Infonet. Beneficio exclusivo para consumo personal. Se excluyen tarjetas de crédito prepagas, corporativas, gourmet card, gift card y las afinidades Mariscal, Pinedo y Mariano.",https://www.bancoatlas.com.py/rails/active_storage/blobs/redirect/eyJfcmFpbHMiOnsibWVzc2FnZSI6IkJBaHBBcTRUIiwiZXhwIjpudWxsLCJwdXIiOiJibG9iX2lkIn19--d7d4eb27788c409f7d24d9fac626464168fd06eb/CECCONELLO.png?disposition=inline,https://www.bancoatlas.com.py/web/beneficios,https://www.bancoatlas.com.py/web/beneficios?page=2
Moda,Atlas,Di Valentini,15% de descuento; 10 cuotas sin intereses,15 al 31 de octubre,"Descuento aplicado en caja hasta 15%. La cantidad de cuotas se solicita al momento de la compra, hasta 10 cuotas sin intereses para compras a partir de Gs. 200.000 a través de la Red Infonet. Beneficio exclusivo para consumo personal. Se excluyen tarjetas de crédito prepagas, corporativas, gourmet card, gift card y las afinidades Mariscal, Pinedo y Mariano.",,,con tarjetas de crédito,,"con tarjetas de crédito Descuento aplicado en caja hasta 15%. La cantidad de cuotas se solicita al momento de la compra, hasta 10 cuotas sin intereses para compras a partir de Gs. 200.000 a través de la Red Infonet. Beneficio exclusivo para consumo personal. Se excluyen tarjetas de crédito prepagas, corporativas, gourmet card, gift card y las afinidades Mariscal, Pinedo y Mariano.",https://www.bancoatlas.com.py/rails/active_storage/blobs/redirect/eyJfcmFpbHMiOnsibWVzc2FnZSI6IkJBaHBBcThUIiwiZXhwIjpudWxsLCJwdXIiOiJibG9iX2lkIn19--1b12ee400b145dbd454d81075fdbc355e2c8fd21/DI%20VALENTINI.png?disposition=inline,https://www.bancoatlas.com.py/web/beneficios,https://www.bancoatlas.com.py/web/beneficios?page=2
Moda,Atlas,H&M,12 cuotas sin intereses,Todos los días,"La cantidad de cuotas se solicita en caja para compras a partir de Gs. 1.000.000 para compras realizadas a través del POS de la Red Infonet .Válido para las sucursales de Paseo La Galería, Distrito Perseverancia y su E- commerce. Beneficios exclusivos para consumo personal. Vigente todos los días desde el 13 de agosto al 31 de diciembre del 2026. Se excluyen tarjetas prepagas, corporativas, gourmet card, gift card y las afinidades delSol Shopping Mariscal, Shopping Pinedo y Shopping Mariano",,,con tarjetas de crédito,,"con tarjetas de crédito La cantidad de cuotas se solicita en caja para compras a partir de Gs. 1.000.000 para compras realizadas a través del POS de la Red Infonet .Válido para las sucursales de Paseo La Galería, Distrito Perseverancia y su E- commerce. Beneficios exclusivos para consumo personal. Vigente todos los días desde el 13 de agosto al 31 de diciembre del 2026. Se excluyen tarjetas prepagas, corporativas, gourmet card, gift card y las afinidades delSol Shopping Mariscal, Shopping Pinedo y Shopping Mariano",https://www.bancoatlas.com.py/rails/active_storage/blobs/redirect/eyJfcmFpbHMiOnsibWVzc2FnZSI6IkJBaHBBb0lUIiwiZXhwIjpudWxsLCJwdXIiOiJibG9iX2lkIn19--3ac35b22b80c9097786b6907ae096d31c9c93e04/H&M.png?disposition=inline,https://www.bancoatlas.com.py/web/beneficios,https://www.bancoatlas.com.py/web/beneficios?page=3
Moda,Atlas,Mariscal - Días M,20% de reintegro; +5% de reintegro; 10 cuotas sin intereses,Del 30/10 al 01/11,"Tope de compra acumulado por cuenta de tarjeta Gs. 10.000.000. La cantidad de cuotas debe ser solicitada en caja para compras a partir de Gs. 200.000 y transaciones realizadas a tavés del POS de la Red Infonet. Promoción válida en locales adheridos del Shopping Mariscal. Se excluyen las tarjetas prepaga, corporativa, gourmet card, gift card, Shopping Mariscal, Sopping Mariano y Shopping Pinedo. Beneficio exclusivo para consumo personal.",,Gs. 10.000.000 para todas las tarjetas de crédito,con tarjetas de crédito,"+5% de reintegro con tarjetas de crédito Visa Infinite, Visa Signature y Mastercard Black","con tarjetas de crédito +5% de reintegro con tarjetas de crédito Visa Infinite, Visa Signature y Mastercard Black Tope de compra acumulado por cuenta de tarjeta Gs. 10.000.000. La cantidad de cuotas debe ser solicitada en caja para compras a partir de Gs. 200.000 y transaciones realizadas a tavés del POS de la Red Infonet. Promoción válida en locales adheridos del Shopping Mariscal. Se excluyen las tarjetas prepaga, corporativa, gourmet card, gift card, Shopping Mariscal, Sopping Mariano y Shopping Pinedo. Beneficio exclusivo para consumo personal.",https://www.bancoatlas.com.py/rails/active_storage/blobs/redirect/eyJfcmFpbHMiOnsibWVzc2FnZSI6IkJBaHBBc0FUIiwiZXhwIjpudWxsLCJwdXIiOiJibG9iX2lkIn19--784e3070996ca051c45fbbf471c5428cf079c82f/mariscal-1080x720px.png?disposition=inline,https://www.bancoatlas.com.py/web/beneficios,https://www.bancoatlas.com.py/web/beneficios?page=2
Moda,Atlas,Miércoles Mariscal,20% de descuento; Hasta 3 cuotas sin intereses,Todos los Miércoles,"El descuento se realiza en caja. Aplica para tiendas adheridas a la promoción y pagos realizados a través del POS de la Red Infonet. La cantidad de cuotas se solicita en caja, hasta 3 cuotas sin intereses para compras a partir de Gs. 200.000. Vigente todos los miércoles, a partir del 4 de febrero de 2026 al 27 de enero de 2027. Se excluyen tarjetas de crédito prepagas, corporativas, gourmet card y gift card.",,,con tarjetas de crédito,,"con tarjetas de crédito El descuento se realiza en caja. Aplica para tiendas adheridas a la promoción y pagos realizados a través del POS de la Red Infonet. La cantidad de cuotas se solicita en caja, hasta 3 cuotas sin intereses para compras a partir de Gs. 200.000. Vigente todos los miércoles, a partir del 4 de febrero de 2026 al 27 de enero de 2027. Se excluyen tarjetas de crédito prepagas, corporativas, gourmet card y gift card.",https://www.bancoatlas.com.py/rails/active_storage/blobs/redirect/eyJfcmFpbHMiOnsibWVzc2FnZSI6IkJBaHBBc0VUIiwiZXhwIjpudWxsLCJwdXIiOiJibG9iX2lkIn19--bcc35aadff386c2bebedc04eeb9110640135a728/mariscal-1080x720px.png?disposition=inline,https://www.bancoatlas.com.py/web/Tiendas%20adheridas%20Mariscal.jpg,https://www.bancoatlas.com.py/web/beneficios
Supermercados,Atlas,BOX Mayorista,20% de reintegro,Tercer Lunes del mes,"Tope de compra mensual acumulado por cuenta de tarjeta Gs. 1.000.000 para todas las tarjetas de crédito. Las transacciones deben ser realizadas a través del POS de la Red Infonet. Beneficio exclusivo para consumo personal. Vigente el tercer Lunes de cada mes. Se excluyen las tarjetas prepagas, corporativas, gourmet card, gift card y las afinidades Shopping Mariscal, Pinedo y Mariano.",Ciudad del Este; Hernandarias; Minga Guazú; Presidente Franco; Santa Rita; Juan León Mallorquín; Naranjal,Gs. 1.000.000 para todas las tarjetas de crédito.,con tarjetas de crédito,En sucursales: Minga Guazú y San José CDE,"con tarjetas de crédito En sucursales: Minga Guazú y San José CDE Tope de compra mensual acumulado por cuenta de tarjeta Gs. 1.000.000 para todas las tarjetas de crédito. Las transacciones deben ser realizadas a través del POS de la Red Infonet. Beneficio exclusivo para consumo personal. Vigente el tercer Lunes de cada mes. Se excluyen las tarjetas prepagas, corporativas, gourmet card, gift card y las afinidades Shopping Mariscal, Pinedo y Mariano.",https://www.bancoatlas.com.py/rails/active_storage/blobs/redirect/eyJfcmFpbHMiOnsibWVzc2FnZSI6IkJBaHBBdGNTIiwiZXhwIjpudWxsLCJwdXIiOiJibG9iX2lkIn19--97328605a73b1d031f555f8a74a5edb5520aeb78/Atlas_Beneficios_web2_BOX%20Mayorista%20CDE.png?disposition=inline,https://www.bancoatlas.com.py/web/beneficios,https://www.bancoatlas.com.py/web/beneficios
Supermercados,Atlas,Biggie,20% de reintegro; +5% de reintegro,15 de cada mes,"Monto mínimo de compra Gs. 50.000. Tope de compra acumulado por cuenta de tarjeta Gs. 800.000 para tarjetas de crédito Visa Infinite, Visa Signature y Mastercard Black, Gs. 400.000 para tarjetas de crédito Clásica, Oro y Bancard Check. Aplica para compras realizadas a través del POS de la Red Infonet. No incluye delivery o compras a través del E-Commerce. Vigente el 15 de cada mes hasta el 15 de diciembre del 2026. Beneficios exclusivos para consumo personal. Se excluyen tarjetas de crédito prepagas, corporativas, gourmet card, gift card, Shopping Mariano, Shopping Mariscal y Shopping Pinedo.",,"Gs. 800.000 con tarjetas de crédito Visa Infinite, Visa Signature y Mastercard Black; Gs. 400.000 con tarjetas de crédito Clásica, Oro y Bancard Check; Mínimo de compra Gs. 50.000.-",con tarjetas de crédito,"+5% de reintegro con tarjetas de crédito Mastercard Black, Visa Infinite y Signature delSol","con tarjetas de crédito +5% de reintegro con tarjetas de crédito Mastercard Black, Visa Infinite y Signature delSol Monto mínimo de compra Gs. 50.000. Tope de compra acumulado por cuenta de tarjeta Gs. 800.000 para tarjetas de crédito Visa Infinite, Visa Signature y Mastercard Black, Gs. 400.000 para tarjetas de crédito Clásica, Oro y Bancard Check. Aplica para compras realizadas a través del POS de la Red Infonet. No incluye delivery o compras a través del E-Commerce. Vigente el 15 de cada mes hasta el 15 de diciembre del 2026. Beneficios exclusivos para consumo personal. Se excluyen tarjetas de crédito prepagas, corporativas, gourmet card, gift card, Shopping Mariano, Shopping Mariscal y Shopping Pinedo.",https://www.bancoatlas.com.py/rails/active_storage/blobs/redirect/eyJfcmFpbHMiOnsibWVzc2FnZSI6IkJBaHBBdFVTIiwiZXhwIjpudWxsLCJwdXIiOiJibG9iX2lkIn19--42079e05477c1a254ec3512145afab4762052378/iconos-web-1080x720px_biggie.png?disposition=inline,https://www.bancoatlas.com.py/web/beneficios,https://www.bancoatlas.com.py/web/beneficios
Supermercados,Atlas,Delimarket,15% de reintegro; +5% de reintegro,Todos los Sábados,"Tope de compra acumulado por cuenta de tarjeta Gs. 2.000.000 para tarjetas de crédito delSol Atlas Visa Signature, Gs. 1.500.000 para tarjetas de crédito delSol Atlas Visa Clásica. Aplica para compras realizadas a través de la Red Infonet. Vigente todos los sábados hasta el 26 de diciembre de 2026. Beneficio exclusivo para consumo personal. Se excluyen tarjetas de crédito prepagas, corporativas, gourmet card y gift card.",,Gs. 2.000.000 para tarjetas de crédito delSol Atlas Visa Signature.; Gs. 1.500.000 para tarjetas de crédito delSol Atlas Visa Clásica.,con tarjetas de crédito delSol Atlas,+5% de reintegro con tarjetas de crédito Visa Signature delSol Atlas,"con tarjetas de crédito delSol Atlas +5% de reintegro con tarjetas de crédito Visa Signature delSol Atlas Tope de compra acumulado por cuenta de tarjeta Gs. 2.000.000 para tarjetas de crédito delSol Atlas Visa Signature, Gs. 1.500.000 para tarjetas de crédito delSol Atlas Visa Clásica. Aplica para compras realizadas a través de la Red Infonet. Vigente todos los sábados hasta el 26 de diciembre de 2026. Beneficio exclusivo para consumo personal. Se excluyen tarjetas de crédito prepagas, corporativas, gourmet card y gift card.",https://www.bancoatlas.com.py/rails/active_storage/blobs/redirect/eyJfcmFpbHMiOnsibWVzc2FnZSI6IkJBaHBBcjRUIiwiZXhwIjpudWxsLCJwdXIiOiJibG9iX2lkIn19--5be3b50656663ad52a64203d112251365cdc56bc/Atlas_Beneficios_web2_deli%20market.png?disposition=inline,https://www.bancoatlas.com.py/web/beneficios,https://www.bancoatlas.com.py/web/beneficios?page=2
Supermercados,Atlas,Gran Vía,20% de reintegro,Tercer miércoles del mes,"Tope de compra acumulado en comercios adheridos a la promoción de “Supermercados zona Este” Gs. 1.000.000 por cuneta de tarjeta, para compras a través del POS de la Red Infonet. Vigente el tercer miércoles del mes hasta el 16 de diciembre de 2026. Beneficios exclusivos para consumo personal. Se excluyen tarjetas de crédito prepagas, corporativas, gourmet card y gift card.",,Gs. 1.000.000 para todas las tarjetas de crédito.,con tarjetas de crédito,"En sucursales: KM4, Remansito, Centro, San José, Hernandarias y Parana Country","con tarjetas de crédito En sucursales: KM4, Remansito, Centro, San José, Hernandarias y Parana Country Tope de compra acumulado en comercios adheridos a la promoción de “Supermercados zona Este” Gs. 1.000.000 por cuneta de tarjeta, para compras a través del POS de la Red Infonet. Vigente el tercer miércoles del mes hasta el 16 de diciembre de 2026. Beneficios exclusivos para consumo personal. Se excluyen tarjetas de crédito prepagas, corporativas, gourmet card y gift card.",https://www.bancoatlas.com.py/rails/active_storage/blobs/redirect/eyJfcmFpbHMiOnsibWVzc2FnZSI6IkJBaHBBdGdTIiwiZXhwIjpudWxsLCJwdXIiOiJibG9iX2lkIn19--c6c1c18f6706843668e3570fb461a97884335944/Atlas_Beneficios_web2_Gran%20Via.png?disposition=inline,https://www.bancoatlas.com.py/web/beneficios,https://www.bancoatlas.com.py/web/beneficios
Supermercados,Atlas,Supermercados,15% de reintegro; +5% de reintegro,Todos los Viernes,"Mínimo de compra para todas las afinidades Gs. 200.000.Tope de compra mensual acumulado por cuenta de tarjeta Gs. 1.000.000 para tarjetas de crédito Visa Infinite, Mastercard Black y Visa Signature y Gs. 700.000 para tarjetas Visa Oro y Visa Clásica. Las transacciones deben ser realizadas a través del POS de la Red Infonet. Beneficio exclusivo para consumo personal. Se excluyen las tarjetas prepagas, corporativas, gourmet card, gift card y las afinidades Shopping Mariscal, Pinedo y Mariano.",,"Gs. 1.000.000 con tarjetas de crédito Visa Infinite, Signature y Mastercard Black.; Gs. 700.000 con tarjetas de crédito Visa Clásica y Oro.; Mínimo de compra Gs. 200.000.",con tarjetas de crédito,"+5% de reintegro con tarjetas de crédito Mastercard Black, Visa Infinite y Signature delSol","con tarjetas de crédito +5% de reintegro con tarjetas de crédito Mastercard Black, Visa Infinite y Signature delSol Mínimo de compra para todas las afinidades Gs. 200.000.Tope de compra mensual acumulado por cuenta de tarjeta Gs. 1.000.000 para tarjetas de crédito Visa Infinite, Mastercard Black y Visa Signature y Gs. 700.000 para tarjetas Visa Oro y Visa Clásica. Las transacciones deben ser realizadas a través del POS de la Red Infonet. Beneficio exclusivo para consumo personal. Se excluyen las tarjetas prepagas, corporativas, gourmet card, gift card y las afinidades Shopping Mariscal, Pinedo y Mariano.",https://www.bancoatlas.com.py/rails/active_storage/blobs/redirect/eyJfcmFpbHMiOnsibWVzc2FnZSI6IkJBaHBBcm9UIiwiZXhwIjpudWxsLCJwdXIiOiJibG9iX2lkIn19--201665d44e4091e4a9553a2c0ff14c0ba47347be/Supermercados.png?disposition=inline,https://www.bancoatlas.com.py/web/supermercados%20adheridos.jpg,https://www.bancoatlas.com.py/web/beneficios
Tecnología,Atlas,Pre Venta Iphone 18,18 cuotas sin intereses,25 de septiembre al 10 de octubre,"La cantidad de cuotas se solicita en caja a partir de Gs. 1.000.000 y transacciones realizadas a través del POS de la Red Infonet. Exclusivo para consumo personal. Se excluyen las tarjetas corporativas, gourmet card, gift card y las afinidades Shopping Mariscal, Shopping Pinedo y Shopping Mariano.",,,,,"La cantidad de cuotas se solicita en caja a partir de Gs. 1.000.000 y transacciones realizadas a través del POS de la Red Infonet. Exclusivo para consumo personal. Se excluyen las tarjetas corporativas, gourmet card, gift card y las afinidades Shopping Mariscal, Shopping Pinedo y Shopping Mariano.",https://www.bancoatlas.com.py/rails/active_storage/blobs/redirect/eyJfcmFpbHMiOnsibWVzc2FnZSI6IkJBaHBBckVUIiwiZXhwIjpudWxsLCJwdXIiOiJibG9iX2lkIn19--3fb5656c53bb954b3e30203a6d787774de1f007b/visuar-1080x720px.png?disposition=inline,https://www.bancoatlas.com.py/web/beneficios,https://www.bancoatlas.com.py/web/beneficios?page=2
Tecnología,Atlas,Tecnología a tu alcance,12 cuotas sin intereses,Todos los días,"La cantidad de cuotas se solicita en caja, hasta 12 cuotas sin intereses para compras a partir de Gs. 1.000.000 a través del POS de la Red Infonet en comercios adheridos a los rubros mencionados. Beneficio exclusivo para consumo personal. Vigente hasta el 31 de diciembre de 2026. Se excluyen tarjetas de crédito prepagas, corporativas, gourmet card y gift card.",,Artículos electrónicos y Electrodomésticos,,,"La cantidad de cuotas se solicita en caja, hasta 12 cuotas sin intereses para compras a partir de Gs. 1.000.000 a través del POS de la Red Infonet en comercios adheridos a los rubros mencionados. Beneficio exclusivo para consumo personal. Vigente hasta el 31 de diciembre de 2026. Se excluyen tarjetas de crédito prepagas, corporativas, gourmet card y gift card.",https://www.bancoatlas.com.py/rails/active_storage/blobs/redirect/eyJfcmFpbHMiOnsibWVzc2FnZSI6IkJBaHBBck1UIiwiZXhwIjpudWxsLCJwdXIiOiJibG9iX2lkIn19--806760f288afbeac2740ff9c80de2f929570525a/Tecnolog%C3%ADa.png?disposition=inline,https://www.bancoatlas.com.py/web/beneficios,https://www.bancoatlas.com.py/web/beneficios?page=3
Vehículo,Atlas,Prepará tu vehículo,12 cuotas sin intereses,Todos los días,"La cantidad de cuotas se solicita en caja, hasta 12 cuotas sin intereses para compras a partir de Gs. 1.000.000 a través del POS de la Red Infonet en comercios adheridos a los rubros mencionados. Beneficio exclusivo para consumo personal. Vigente hasta el 31 de diciembre de 2026. Se excluyen tarjetas de crédito prepagas, corporativas, gourmet card y gift card.",,"Casas de cubiertas, talleres mecánicos, chapería y pintura, casas de reepuestos y accesorios para vehiculos,",,,"La cantidad de cuotas se solicita en caja, hasta 12 cuotas sin intereses para compras a partir de Gs. 1.000.000 a través del POS de la Red Infonet en comercios adheridos a los rubros mencionados. Beneficio exclusivo para consumo personal. Vigente hasta el 31 de diciembre de 2026. Se excluyen tarjetas de crédito prepagas, corporativas, gourmet card y gift card.",https://www.bancoatlas.com.py/rails/active_storage/blobs/redirect/eyJfcmFpbHMiOnsibWVzc2FnZSI6IkJBaHBBcklUIiwiZXhwIjpudWxsLCJwdXIiOiJibG9iX2lkIn19--4b04d63341dcddad1a5a772ff072787635acdc4a/Veh%C3%ADculo.png?disposition=inline,https://www.bancoatlas.com.py/web/beneficios,https://www.bancoatlas.com.py/web/beneficios?page=3
Viajes,Atlas,Atlas Viajes,18 cuotas sin intereses,Todos los días,"La cantidad de cuotas se solicita al momento de la compra, hasta 18 cuotas sin intereses para compras a partir de Gs. 1.000.000 a través del POS de la Red Infonet. Utilización de puntos Atlas Más sujeta a disponibilidad del cliente. Beneficio exclusivo para consumo personal. Vigente hasta el 31 de diciembre de 2026. Se excluyen tarjetas de crédito prepagas, corporativas, gourmet card y gift card.",,,con tarjetas de crédito,,"con tarjetas de crédito La cantidad de cuotas se solicita al momento de la compra, hasta 18 cuotas sin intereses para compras a partir de Gs. 1.000.000 a través del POS de la Red Infonet. Utilización de puntos Atlas Más sujeta a disponibilidad del cliente. Beneficio exclusivo para consumo personal. Vigente hasta el 31 de diciembre de 2026. Se excluyen tarjetas de crédito prepagas, corporativas, gourmet card y gift card.",https://www.bancoatlas.com.py/rails/active_storage/blobs/redirect/eyJfcmFpbHMiOnsibWVzc2FnZSI6IkJBaHBBc2tTIiwiZXhwIjpudWxsLCJwdXIiOiJibG9iX2lkIn19--b15ff6c0e48999ad5bf4a2be5f1f17a7a83de1c9/Atlas_Beneficios_web2_Atlas%20Viajes%20(1).png?disposition=inline,https://www.bancoatlas.com.py/web/beneficios,https://www.bancoatlas.com.py/web/beneficios?page=3
Viajes,Atlas,Planeá tus próximas vacaciones,12 cuotas sin intereses,Todos los días,"La cantidad de cuotas se solicita en caja, hasta 12 cuotas sin intereses para compras a partir de Gs. 1.000.000 a través del POS de la Red Infonet en comercios adheridos a los rubros mencionados. Beneficio exclusivo para consumo personal. Vigente hasta el 31 de diciembre de 2026. Se excluyen tarjetas de crédito prepagas, corporativas, gourmet card y gift card.",,,,En agencias de viajes y Aerolíneas,"En agencias de viajes y Aerolíneas La cantidad de cuotas se solicita en caja, hasta 12 cuotas sin intereses para compras a partir de Gs. 1.000.000 a través del POS de la Red Infonet en comercios adheridos a los rubros mencionados. Beneficio exclusivo para consumo personal. Vigente hasta el 31 de diciembre de 2026. Se excluyen tarjetas de crédito prepagas, corporativas, gourmet card y gift card.",https://www.bancoatlas.com.py/rails/active_storage/blobs/redirect/eyJfcmFpbHMiOnsibWVzc2FnZSI6IkJBaHBBcmNUIiwiZXhwIjpudWxsLCJwdXIiOiJibG9iX2lkIn19--fb02657019e7c88c77a8d1b285943ef8eb806da3/Vacaciones.png?disposition=inline,https://www.bancoatlas.com.py/web/beneficios,https://www.bancoatlas.com.py/web/beneficios?page=3
