Banco,Comercio/Promocion,Resumen cuadro,Vigencia,Desde,Hasta,Beneficios,% detectado,Tope detectado,Cuotas detectadas,Bases y condiciones URL,URL,Texto completo
Sudameris,DISTRITO PERSEVERANCIA - BENEFICIOS PERMANENTES,DISTRITO PERSEVERANCIA - BENEFICIOS PERMANENTES,: Del 03/08 al 31/12/2026.,,,,,,,https://www.sudameris.com.py/storage/app/uploads/public/6a7/0f7/200/6a70f72002682849759186.pdf,https://www.sudameris.com.py/beneficios/destacado/902/detalle,¡Disfrutá de Distrito Perseverancia todo el año! Aprovechá hasta 12 cuotas sin interés en locales adheridos. Vigencia: Del 03/08 al 31/12/2026.
Sudameris,LUISITO,LUISITO,• Todos los martes. • Desde el 26 de mayo hasta el 30 de noviembre 2026.,26 de mayo,30 de noviembre 2026,• 20% de reintegro directo pagando con tarjetas de crédito de Sudameris.,20%,,,https://www.sudameris.com.py/storage/app/uploads/public/6a0/c60/ada/6a0c60ada5fd8423682581.pdf,https://www.sudameris.com.py/beneficios/destacado/875/detalle,LUISITO 2026 VIGENCIA • Todos los martes. • Desde el 26 de mayo hasta el 30 de noviembre 2026. BENEFICIO • 20% de reintegro directo pagando con tarjetas de crédito de Sudameris.
Sudameris,BIGGIE EXPRESS - PRIMERO DE CADA MES,BIGGIE EXPRESS - PRIMERO DE CADA MES,• 01 de cada mes. • Desde el 01 de julio hasta el 31 de diciembre 2026.,01 de julio,31 de diciembre 2026,• 30% de reintegro directo en el extracto pagando con tarjetas de crédito de Sudameris.,30%,,,https://www.sudameris.com.py/storage/app/uploads/public/6ab/bb3/83b/6abbb383b6b21224873275.pdf,https://www.sudameris.com.py/beneficios/destacado/891/detalle,BIGGIE EXPRESS VIGENCIA • 01 de cada mes. • Desde el 01 de julio hasta el 31 de diciembre 2026. BENEFICIOS • 30% de reintegro directo en el extracto pagando con tarjetas de crédito de Sudameris.
Sudameris,FARMACENTER,FARMACENTER,• Desde el 01 de julio hasta el 31 de diciembre 2026. • Solo el primer miércoles de cada mes: • 01 de julio. • 05 de agosto. • 02 de septiembre. • 07 de octubre. • 04 de noviembre. • 02 de diciembre.,01 de julio,31 de diciembre 2026,"• 20% de descuento directo en caja en todos los productos. • +10% de reintegro directo adicional en extracto, pagando exclusivamente con tarjetas de crédito de Sudameris. • Hasta 12 cuotas sin interés.",10%; 20%,,Hasta 12 cuotas sin interés,https://www.sudameris.com.py/storage/app/uploads/public/6a4/57a/05d/6a457a05dbe7d376563242.pdf,https://www.sudameris.com.py/beneficios/destacado/632/detalle,"FARMACENTER VIGENCIA • Desde el 01 de julio hasta el 31 de diciembre 2026. • Solo el primer miércoles de cada mes: • 01 de julio. • 05 de agosto. • 02 de septiembre. • 07 de octubre. • 04 de noviembre. • 02 de diciembre. BENEFICIOS • 20% de descuento directo en caja en todos los productos. • +10% de reintegro directo adicional en extracto, pagando exclusivamente con tarjetas de crédito de Sudameris. • Hasta 12 cuotas sin interés."
Sudameris,PROMOCIÓN MCLAREN MASTERCARD F1 TEAM,PROMOCIÓN MCLAREN MASTERCARD F1 TEAM,"de la promoción y acumulá cupones digitales automáticamente para los sorteos, según las",,,,,,,https://www.sudameris.com.py/storage/app/uploads/public/69d/910/8d2/69d9108d297c4431584271.pdf,https://www.sudameris.com.py/beneficios/destacado/854/detalle,"Promoción McLaren Mastercard F1 Team Participá por la experiencia McLaren Mastercard F1 Team Viví la adrenalina de la Fórmula 1 con la posibilidad de viajar al Gran Premio de México o al Gran Premio de São Paulo, además de ganar merchandising oficial del McLaren Mastercard F1 Team: remeras, gorras y mochilas. ¿Cómo participar? Realizá compras desde Gs. 500.000 con tu Tarjeta de Crédito Sudameris Mastercard durante la vigencia de la promoción y acumulá cupones digitales automáticamente para los sorteos, según las bases y condiciones."
Sudameris,DTP TRAVEL GROUP,DTP TRAVEL GROUP,•La Promoción tendrá,,,,,,,https://www.sudameris.com.py/storage/app/uploads/public/69b/07e/e4a/69b07ee4a3fce750294500.pdf,https://www.sudameris.com.py/beneficios/destacado/787/detalle,Upgrade de Entradas – Charter F1 São Paulo VIGENCIA •La Promoción tendrá vigencia desde enero de 2026 hasta octubre del 2026.
Sudameris,TATANO POSADA BOUTIQUE,TATANO POSADA BOUTIQUE,• Martes a domingo. • Desde el 07 de abril 2026 hasta el 31 de diciembre 2026.,07 de abril 2026,31 de diciembre 2026,• 20% de descuento en caja con tarjetas de crédito de Sudameris. • 25% de descuento en caja con tarjetas de crédito MasterCard Black y Visa Infinite de Sudameris. • Hasta 12 cuotas sin intereses (Aplica exclusivamente para pagos de alojamiento).,20%; 25%,,Hasta 12 cuotas sin intereses,https://www.sudameris.com.py/storage/app/uploads/public/69d/4fb/4cd/69d4fb4cd9c17049282173.pdf,https://www.sudameris.com.py/beneficios/destacado/761/detalle,TATANO POSADA BOUTIQUE VIGENCIA • Martes a domingo. • Desde el 07 de abril 2026 hasta el 31 de diciembre 2026. BENEFICIOS • 20% de descuento en caja con tarjetas de crédito de Sudameris. • 25% de descuento en caja con tarjetas de crédito MasterCard Black y Visa Infinite de Sudameris. • Hasta 12 cuotas sin intereses (Aplica exclusivamente para pagos de alojamiento).
Sudameris,BIGGIE FARMA,BIGGIE FARMA,• Desde el 01 de julio hasta el 01 de octubre 2026. • Solo el primer Jueves de cada mes: • 02 de julio. • 06 de agosto. • 03 de septiembre. • 01 de octubre.,01 de julio,01 de octubre 2026,"• Desde 20% de descuento en caja. • +10% de reintegro directo adicional en extracto, pagando exclusivamente con tarjetas de crédito de Sudameris. • Hasta 12 cuotas sin interés.",10%; 20%,,Hasta 12 cuotas sin interés,https://www.sudameris.com.py/storage/app/uploads/public/6ab/d56/963/6abd56963ab25220254322.pdf,https://www.sudameris.com.py/beneficios/destacado/708/detalle,"BIGGIE FARMA VIGENCIA • Desde el 01 de julio hasta el 01 de octubre 2026. • Solo el primer Jueves de cada mes: • 02 de julio. • 06 de agosto. • 03 de septiembre. • 01 de octubre. BENEFICIOS • Desde 20% de descuento en caja. • +10% de reintegro directo adicional en extracto, pagando exclusivamente con tarjetas de crédito de Sudameris. • Hasta 12 cuotas sin interés."
Sudameris,PLUB,PLUB,• Último viernes de cada mes. • Desde el 01 de agosto 2026 hasta el 31 de octubre de 2026.,01 de agosto 2026,31 de octubre de 2026,• 20% de reintegro directo con tarjetas de crédito de Sudameris.,20%,,,https://www.sudameris.com.py/storage/app/uploads/public/6a8/74d/12d/6a874d12d2b06022042173.pdf,https://www.sudameris.com.py/beneficios/destacado/360/detalle,PLUB VIGENCIA • Último viernes de cada mes. • Desde el 01 de agosto 2026 hasta el 31 de octubre de 2026. BENEFICIOS • 20% de reintegro directo con tarjetas de crédito de Sudameris.
Sudameris,TARJETAS EMPRESARIALES,TARJETAS EMPRESARIALES,• Todos los días. • Desde el 01 de enero hasta el 31 de diciembre de 2026.,01 de enero,31 de diciembre de 2026,• Hasta 6 cuotas sin interés.,,,Hasta 6 cuotas sin interés,https://www.sudameris.com.py/storage/app/uploads/public/695/410/b64/695410b64b60b879543067.pdf,https://www.sudameris.com.py/beneficios/destacado/742/detalle,6 CUOTAS SIN INTERÉS – TARJETAS EMPRESARIALES VIGENCIA • Todos los días. • Desde el 01 de enero hasta el 31 de diciembre de 2026. BENEFICIO • Hasta 6 cuotas sin interés.
Sudameris,ZONA CENTRAL - ASUNCIÓN Y GRAN ASUNCIÓN,ZONA CENTRAL - ASUNCIÓN Y GRAN ASUNCIÓN,• Verificar según aplicación de promoción (ver cuadro más abajo).,,,en tu zona,,,,,https://www.sudameris.com.py/beneficios/destacado/647/detalle,Disfrutá de beneficios en tu zona VIGENCIA • Verificar según aplicación de promoción (ver cuadro más abajo). BENEFICIO • Reintegro en extracto según aplicación de promoción (ver cuadro más abajo).
Sudameris,CHEF’S KITCHEN,CHEF’S KITCHEN,• Viernes y sábado. • Desde el 28 de agosto hasta el 26 de diciembre 2026.,28 de agosto,26 de diciembre 2026,• 20% de reintegro directo pagando con tarjetas de crédito. • 25% de reintegro directo pagando con tarjetas de crédito MasterCard Black y Visa Infinite.,20%; 25%,,,https://www.sudameris.com.py/storage/app/uploads/public/6ab/d53/36c/6abd5336c9e17014605114.pdf,https://www.sudameris.com.py/beneficios/destacado/738/detalle,CHEF’S KITCHEN VIGENCIA • Viernes y sábado. • Desde el 28 de agosto hasta el 26 de diciembre 2026. BENEFICIOS • 20% de reintegro directo pagando con tarjetas de crédito. • 25% de reintegro directo pagando con tarjetas de crédito MasterCard Black y Visa Infinite.
Sudameris,ENEX Y APP MI ENEX,ENEX Y APP MI ENEX,• Desde el 01 de julio hasta el 31 de diciembre 2026. • Solo el primer lunes de cada mes. • 6 de julio. • 3 de agosto. • 7 de septiembre. • 5 de octubre. • 2 de noviembre. • 7 de diciembre.,01 de julio,31 de diciembre 2026,,,,,https://www.sudameris.com.py/storage/app/uploads/public/6ac/015/2b5/6ac0152b5937f035511549.pdf,https://www.sudameris.com.py/beneficios/destacado/307/detalle,ESTACIONES DE SERVICIOS ENEX Y APP MI ENEX VIGENCIA • Desde el 01 de julio hasta el 31 de diciembre 2026. • Solo el primer lunes de cada mes. • 6 de julio. • 3 de agosto. • 7 de septiembre. • 5 de octubre. • 2 de noviembre. • 7 de diciembre.
Sudameris,YOUNIQUE,YOUNIQUE,• Todos los martes y miércoles. • Del 01 de setiembre hasta el 31 de octubre 2026.,,31 de octubre 2026,"• 25% de descuento en caja pagando con tarjetas de crédito Clásicas, Oro, Platinum, Signature, Privilege de Sudameris. • 30% de descuento en caja pagando con tarjetas de crédito MasterCard Black y Visa Infinite de Sudameris. • Hasta 12 cuotas sin interés.",25%; 30%,,Hasta 12 cuotas sin interés,https://www.sudameris.com.py/storage/app/uploads/public/6a9/6c6/ac1/6a96c6ac149dc051458952.pdf,https://www.sudameris.com.py/beneficios/destacado/315/detalle,"YOUNIQUE VIGENCIA • Todos los martes y miércoles. • Del 01 de setiembre hasta el 31 de octubre 2026. BENEFICIOS • 25% de descuento en caja pagando con tarjetas de crédito Clásicas, Oro, Platinum, Signature, Privilege de Sudameris. • 30% de descuento en caja pagando con tarjetas de crédito MasterCard Black y Visa Infinite de Sudameris. • Hasta 12 cuotas sin interés."
Sudameris,6 CUOTAS SIN INTERÉS - COMPRAS EN EL EXTERIOR,6 CUOTAS SIN INTERÉS - COMPRAS EN EL EXTERIOR,• Todos los días hasta el 31 de diciembre del 2026.,,31 de diciembre del 2026,• 6 cuotas sin interés.,,,6 cuotas sin interés,https://www.sudameris.com.py/storage/app/uploads/public/6a1/ed7/858/6a1ed785859b1280101943.pdf,https://www.sudameris.com.py/beneficios/destacado/494/detalle,COMPRAS EN EL EXTERIOR – 6 CUOTAS SIN INTERÉS VIGENCIA • Todos los días hasta el 31 de diciembre del 2026. BENEFICIO • 6 cuotas sin interés.
Sudameris,FARMACIA CATEDRAL,FARMACIA CATEDRAL,• Todos los lunes. • Desde el 1 de julio hasta el 31 de diciembre 2026.,1 de julio,31 de diciembre 2026,"Todos los Lunes: • Hasta 25% de descuento directo en caja en todos los productos. • 25% de descuento en caja en medicamentos nacionales y preparados magistrales • 20% de descuento en caja en medicamentos importados/ medicamentos nacionales con tratamientos importados. • Hasta 12 cuotas sin interés. Solo el último lunes del mes: • Hasta 25% de descuento directo en caja en todos los productos. • 25% de descuento en caja en medicamentos nacionales y preparados magistrales • 20% de descuento en caja en medicamentos importados/ medicamentos nacionales con tratamientos importados. • +10% de reintegro directo adicional en extracto, pagando exclusivamente con tarjetas de crédito de Sudameris. • Hasta 12 cuotas sin interés.",10%; 20%; 25%,,Hasta 12 cuotas sin interés,https://www.sudameris.com.py/storage/app/uploads/public/6a4/bab/7be/6a4bab7bef2b0760075926.pdf,https://www.sudameris.com.py/beneficios/destacado/270/detalle,"FARMACIAS CATEDRAL VIGENCIA • Todos los lunes. • Desde el 1 de julio hasta el 31 de diciembre 2026. BENEFICIOS Todos los Lunes: • Hasta 25% de descuento directo en caja en todos los productos. • 25% de descuento en caja en medicamentos nacionales y preparados magistrales • 20% de descuento en caja en medicamentos importados/ medicamentos nacionales con tratamientos importados. • Hasta 12 cuotas sin interés. Solo el último lunes del mes: • Hasta 25% de descuento directo en caja en todos los productos. • 25% de descuento en caja en medicamentos nacionales y preparados magistrales • 20% de descuento en caja en medicamentos importados/ medicamentos nacionales con tratamientos importados. • +10% de reintegro directo adicional en extracto, pagando exclusivamente con tarjetas de crédito de Sudameris. • Hasta 12 cuotas sin interés."
Sudameris,REAL SUPERMERCADOS,REAL SUPERMERCADOS,• Desde el 01 de julio hasta el 31 de diciembre 2026. • Solo el primer viernes de cada mes: • 03 de julio. • 07 de agosto. • 04 de septiembre. • 02 de octubre. • 06 de noviembre. • 04 de diciembre.,01 de julio,31 de diciembre 2026,• 20% de reintegro directo pagando con tarjetas de crédito de Sudameris. • Hasta 12 cuotas sin interés válido todos los días en las secciones de: • Electrodomésticos. • Artículos de jardín. • Artículos de decoración.,20%,,Hasta 12 cuotas sin interés,https://www.sudameris.com.py/storage/app/uploads/public/6ab/d0a/cdd/6abd0acdd077e295285104.pdf,https://www.sudameris.com.py/beneficios/destacado/483/detalle,CADENA REAL VIGENCIA • Desde el 01 de julio hasta el 31 de diciembre 2026. • Solo el primer viernes de cada mes: • 03 de julio. • 07 de agosto. • 04 de septiembre. • 02 de octubre. • 06 de noviembre. • 04 de diciembre. BENEFICIOS • 20% de reintegro directo pagando con tarjetas de crédito de Sudameris. • Hasta 12 cuotas sin interés válido todos los días en las secciones de: • Electrodomésticos. • Artículos de jardín. • Artículos de decoración.
Sudameris,Estaciones de Servicio CCU,Estaciones de Servicio CCU,• Desde el 01 de julio hasta el 31 de diciembre 2026. • Solo el primer jueves de cada mes. • 02 de julio. • 06 de agosto. • 03 de septiembre. • 01 de octubre. • 05 de noviembre. • 03 de diciembre. PETROBRAS - Estaciones de Servicio CCU,01 de julio,31 de diciembre 2026,,,,,,https://www.sudameris.com.py/beneficios/destacado/679/detalle,ECOP - Estaciones de Servicio CCU VIGENCIA • Desde el 01 de julio hasta el 31 de diciembre 2026. • Solo el primer jueves de cada mes. • 02 de julio. • 06 de agosto. • 03 de septiembre. • 01 de octubre. • 05 de noviembre. • 03 de diciembre. PETROBRAS - Estaciones de Servicio CCU VIGENCIA • Desde el 01 de julio hasta el 31 de diciembre 2026. • Solo el primer jueves de cada mes. • 02 de julio. • 06 de agosto. • 03 de septiembre. • 01 de octubre. • 05 de noviembre. • 03 de diciembre.
Sudameris,MATERASSI,MATERASSI,• Miércoles a sábado. • Desde el 19 de agosto hasta el 03 de octubre 2026.,19 de agosto,03 de octubre 2026,• 30% de descuento directo en caja pagando con tarjetas de crédito de Sudameris. • 10% de reintegro directo pagando con tarjetas de crédito de Sudameris. • Hasta 12 cuotas sin interés.,10%; 30%,,Hasta 12 cuotas sin interés,https://www.sudameris.com.py/storage/app/uploads/public/6a8/31d/e69/6a831de693195562741912.pdf,https://www.sudameris.com.py/beneficios/destacado/476/detalle,MATERASSI VIGENCIA • Miércoles a sábado. • Desde el 19 de agosto hasta el 03 de octubre 2026. BENEFICIOS • 30% de descuento directo en caja pagando con tarjetas de crédito de Sudameris. • 10% de reintegro directo pagando con tarjetas de crédito de Sudameris. • Hasta 12 cuotas sin interés.
Sudameris,GASTRONOMIA 26,GASTRONOMIA 26,,,,,,,,https://www.sudameris.com.py/storage/app/uploads/public/6ab/eac/909/6abeac9098afc518629989.pdf,https://www.sudameris.com.py/beneficios/destacado/636/detalle,Disfruta del Reintegro en Gastronomía y Ahorrá con reintegros directos sin canjes de puntos.
Sudameris,ZONA SUR,ZONA SUR,,,,"en tu zona • Reintegros directos en el extracto, sin canje de puntos ENCARNACIÓN HOHENAU PIRAPÓ BELLA VISTA CORONEL BOGADO TRINIDAD MARÍA AUXILIADORA FRAM OBLIGADO CARMEN DEL PARANÁ CAPITÁN MIRANDA NATALIO KRESSBURGO",,,,,https://www.sudameris.com.py/beneficios/destacado/436/detalle,"Disfrutá de beneficios en tu zona • Reintegros directos en el extracto, sin canje de puntos ENCARNACIÓN HOHENAU PIRAPÓ BELLA VISTA CORONEL BOGADO TRINIDAD MARÍA AUXILIADORA FRAM OBLIGADO CARMEN DEL PARANÁ CAPITÁN MIRANDA NATALIO KRESSBURGO"
Sudameris,ZONA NORTE,ZONA NORTE,• Verificar según aplicación de promoción (ver cuadro más abajo).,,,en tu zona,,,,,https://www.sudameris.com.py/beneficios/destacado/650/detalle,Disfrutá de beneficios en tu zona VIGENCIA • Verificar según aplicación de promoción (ver cuadro más abajo). BENEFICIOS • Reintegro en extracto según aplicación de promoción (ver cuadro más abajo). • Cuotas sin interés según aplicación de promoción (ver cuadro más abajo). CONCEPCIÓN KATUETE SANTA ROSA DEL AGUARAY SAN ALBERTO CURUGUATY
Sudameris,ZONA ESTE,ZONA ESTE,,,,"en tu zona • Reintegros directos en el extracto, sin canje de puntos CIUDAD DEL ESTE HERNANDARIAS VILLARRICA CORONEL OVIEDO CAAZAPÁ SANTA RITA NARANJAL J. EULOGIO ESTIGARRIBIA SANTA ROSA DEL MONDAY COLONIA INDEPENDENCIA",,,,,https://www.sudameris.com.py/beneficios/destacado/440/detalle,"Disfrutá de beneficios en tu zona • Reintegros directos en el extracto, sin canje de puntos CIUDAD DEL ESTE HERNANDARIAS VILLARRICA CORONEL OVIEDO CAAZAPÁ SANTA RITA NARANJAL J. EULOGIO ESTIGARRIBIA SANTA ROSA DEL MONDAY COLONIA INDEPENDENCIA"
Sudameris,CONCEPTS LA CUADRITA,CONCEPTS LA CUADRITA,• Miércoles a viernes. • Desde el 04 de marzo hasta el 09 de octubre 2026.,04 de marzo,09 de octubre 2026,• 20% de reintegro directo en extracto pagando con tarjetas de crédito de Sudameris. • 25% de reintegro directo en extracto pagando con tarjetas de crédito MasterCard Black y Visa Infinite de Sudameris. • Hasta 10 cuotas sin intereses,20%; 25%,,Hasta 10 cuotas sin intereses,https://www.sudameris.com.py/storage/app/uploads/public/6a4/c0b/ff5/6a4c0bff58ccd722758196.pdf,https://www.sudameris.com.py/beneficios/destacado/443/detalle,CONCEPTS – LA CUADRITA VIGENCIA • Miércoles a viernes. • Desde el 04 de marzo hasta el 09 de octubre 2026. BENEFICIOS • 20% de reintegro directo en extracto pagando con tarjetas de crédito de Sudameris. • 25% de reintegro directo en extracto pagando con tarjetas de crédito MasterCard Black y Visa Infinite de Sudameris. • Hasta 10 cuotas sin intereses
Sudameris,12 CUOTAS SIN INTERÉS - 2026,12 CUOTAS SIN INTERÉS - 2026,,,,,,,,,https://www.sudameris.com.py/beneficios/destacado/147/detalle,¡Disfrutá tus rubros favoritos en CUOTAS! Tenés hasta 12 cuotas sin interés todos los días hasta el 31 de diciembre de 2026 con todas tus tarjetas de crédito en: Bicicleterías Clubes Colegios y Universidades Ecommerce Electrónica Hogar Impuestos municipales Joyerías y Relojerías Ópticas Salud y Belleza Talleres Viajes y Hoteles
Sudameris,CLUB NAUTICO SAN BERNARDINO,CLUB NAUTICO SAN BERNARDINO,• Hasta el 31 de octubre del 2026,,31 de octubre del 2026,• 10% de reintegro directo en débito automático por la cuota social. Tope de pago mensual: Gs. 500.000 por cuenta de tarjeta. • 20% de reintegro directo en restaurante del Club. Tope de compra mensual: Gs. 3.000.000 por cuenta de tarjeta. • 20% de reintegro directo en los locales gastronómicos dentro del Club*. • 10% de reintegro directo en combustibles dentro del Club. Tope de compra mensual: Gs. 500.000 por cuenta de tarjeta. • 12 cuotas sin intereses para los pagos en caja dentro del Club.,10%; 20%,Tope de pago mensual: Gs. 500.000; Tope de compra mensual: Gs. 3.000.000; Tope de compra mensual: Gs. 500.000,12 cuotas sin intereses,,https://www.sudameris.com.py/beneficios/destacado/142/detalle,CLUB NAUTICO SAN BERNARDINO VIGENCIA • Hasta el 31 de octubre del 2026 BENEFICIOS • 10% de reintegro directo en débito automático por la cuota social. Tope de pago mensual: Gs. 500.000 por cuenta de tarjeta. • 20% de reintegro directo en restaurante del Club. Tope de compra mensual: Gs. 3.000.000 por cuenta de tarjeta. • 20% de reintegro directo en los locales gastronómicos dentro del Club*. • 10% de reintegro directo en combustibles dentro del Club. Tope de compra mensual: Gs. 500.000 por cuenta de tarjeta. • 12 cuotas sin intereses para los pagos en caja dentro del Club.
Sudameris,CLUB SOCIAL ÁREA 1 (CDE),CLUB SOCIAL ÁREA 1 (CDE),• Todos los días. • Hasta el 30 de junio de 2028.,,30 de junio de 2028,"• 10% de reintegro en el extracto y exclusivamente a compras realizadas con Tarjetas de Crédito MasterCard y Visa, para pagos vía débito automático de las cuotas sociales del club. Tope de compra mensual: Gs. 440.000 por cuenta de tarjeta de crédito. • 20% de reintegro en el extracto todos los días en el gimnasio del Club. Aplica única y exclusivamente a compras realizadas con Tarjetas de Crédito MasterCard y Visa. Tope de compra mensual: Gs. 50.000 por cuenta de tarjeta de crédito. • 20% de reintegro en el extracto todos los días en la cantina y el restaurante del Club. Aplica única y exclusivamente a compras realizadas con Tarjetas de Crédito MasterCard y Visa. Tope de compra mensual: Gs. 300.000 por cuenta de tarjeta de crédito. • Pagos de cuotas atrasadas en hasta 12 cuotas sin intereses.",10%; 20%,Tope de compra mensual: Gs. 440.000; Tope de compra mensual: Gs. 50.000; Tope de compra mensual: Gs. 300.000,hasta 12 cuotas sin intereses,,https://www.sudameris.com.py/beneficios/destacado/297/detalle,"CLUB SOCIAL ÁREA 1 - CIUDAD DEL ESTE VIGENCIA • Todos los días. • Hasta el 30 de junio de 2028. BENEFICIOS • 10% de reintegro en el extracto y exclusivamente a compras realizadas con Tarjetas de Crédito MasterCard y Visa, para pagos vía débito automático de las cuotas sociales del club. Tope de compra mensual: Gs. 440.000 por cuenta de tarjeta de crédito. • 20% de reintegro en el extracto todos los días en el gimnasio del Club. Aplica única y exclusivamente a compras realizadas con Tarjetas de Crédito MasterCard y Visa. Tope de compra mensual: Gs. 50.000 por cuenta de tarjeta de crédito. • 20% de reintegro en el extracto todos los días en la cantina y el restaurante del Club. Aplica única y exclusivamente a compras realizadas con Tarjetas de Crédito MasterCard y Visa. Tope de compra mensual: Gs. 300.000 por cuenta de tarjeta de crédito. • Pagos de cuotas atrasadas en hasta 12 cuotas sin intereses."
Sudameris,CLUB DEPORTIVO ALEMÁN (DTA),CLUB DEPORTIVO ALEMÁN (DTA),,,,exclusivos de ser socio del Club Deportivo Alemán • 10% de reintegro para pago de las cuotas sociales a través de débito automático. Tope de compra mensual por cuenta de tarjeta de crédito: Gs. 500.000. • 20% de reintegro en los locales gastronómicos dentro del club todos los días. Tope de compra mensual por cuenta de tarjeta de crédito: Gs. 500.000. • Hasta 12 cuotas sin intereses para el pago de las cuotas sociales en caja del Club.,10%; 20%,Tope de compra mensual por cuenta de tarjeta de crédito: Gs. 500.000.,Hasta 12 cuotas sin intereses,,https://www.sudameris.com.py/beneficios/destacado/403/detalle,Disfrutá los beneficios exclusivos de ser socio del Club Deportivo Alemán • 10% de reintegro para pago de las cuotas sociales a través de débito automático. Tope de compra mensual por cuenta de tarjeta de crédito: Gs. 500.000. • 20% de reintegro en los locales gastronómicos dentro del club todos los días. Tope de compra mensual por cuenta de tarjeta de crédito: Gs. 500.000. • Hasta 12 cuotas sin intereses para el pago de las cuotas sociales en caja del Club.
Sudameris,CLUB PORVENIR GUAIREÑO,CLUB PORVENIR GUAIREÑO,,,,: • 10% de reintegro en débitos automáticos del Club pagando con tarjetas de crédito de Sudameris • Hasta 12 cuotas sin interés • Todos los días desde el 21-05-24 al 15-03-27,10%,,Hasta 12 cuotas sin interés,https://www.sudameris.com.py/storage/app/uploads/public/66a/7b5/751/66a7b575105fc511105794.pdf,https://www.sudameris.com.py/beneficios/destacado/451/detalle,"Suma emociones a tu vida y visita el Club Porvenir Guaireño, donde cada momento se convierte en una aventura por descubrir. Beneficios: • 10% de reintegro en débitos automáticos del Club pagando con tarjetas de crédito de Sudameris • Hasta 12 cuotas sin interés • Todos los días desde el 21-05-24 al 15-03-27"
Sudameris,CLUB CENTRO SOCIAL ENCARNACIÓN,CLUB CENTRO SOCIAL ENCARNACIÓN,• Hasta el 15 de enero 2027.,,15 de enero 2027,"• 10% de reintegro en el extracto exclusivamente vía debito automático en el pago de las cuotas sociales para compras realizadas con Tarjetas de Crédito MasterCard y Visa del banco Sudameris. • 20% de reintegro en el extracto exclusivamente en la cantina del club para compras realizadas con Tarjetas de Crédito MasterCard y Visa del banco Sudameris. • Hasta 12 Cuotas sin interés para pagos de cuotas sociales: Ingreso, atrasadas, adelantadas. En las cajas del club.",10%; 20%,,Hasta 12 Cuotas sin interés,https://www.sudameris.com.py/storage/app/uploads/public/69c/42f/315/69c42f3155c04156741548.pdf,https://www.sudameris.com.py/beneficios/destacado/477/detalle,"CLUB SOCIAL DE ENCARNACIÓN VIGENCIA • Hasta el 15 de enero 2027. BENEFICIOS • 10% de reintegro en el extracto exclusivamente vía debito automático en el pago de las cuotas sociales para compras realizadas con Tarjetas de Crédito MasterCard y Visa del banco Sudameris. • 20% de reintegro en el extracto exclusivamente en la cantina del club para compras realizadas con Tarjetas de Crédito MasterCard y Visa del banco Sudameris. • Hasta 12 Cuotas sin interés para pagos de cuotas sociales: Ingreso, atrasadas, adelantadas. En las cajas del club."
Sudameris,CLUB CONCEPCIÓN,CLUB CONCEPCIÓN,: • Todos los días desde el 9 de setiembre al 31 de agosto del 2028 • Todos los días desde el 31 de octubre al 31 de agosto del 2028 del débito automático del club,,,: • 20% de reintegro con tarjetas de crédito en el restaurante del club • Hasta 12 cuotas sin interés. • 10% de reintegro exclusivo para pagos vía débito automático con tarjetas de crédito.,10%; 20%,,Hasta 12 cuotas sin interés,,https://www.sudameris.com.py/beneficios/destacado/522/detalle,CLUB CONCEPCIÓN Beneficios: • 20% de reintegro con tarjetas de crédito en el restaurante del club • Hasta 12 cuotas sin interés. • 10% de reintegro exclusivo para pagos vía débito automático con tarjetas de crédito. Vigencia: • Todos los días desde el 9 de setiembre al 31 de agosto del 2028 • Todos los días desde el 31 de octubre al 31 de agosto del 2028 del débito automático del club
Sudameris,SUDAMERIS GO- CUOTAS,SUDAMERIS GO- CUOTAS,: • Del 12 de febrero del 2026 al 31 de diciembre del 2026.,,,: • Hasta 18 cuotas sin intereses.,,,Hasta 18 cuotas sin intereses,https://www.sudameris.com.py/storage/app/uploads/public/699/714/934/69971493464f1762224767.pdf,https://www.sudameris.com.py/beneficios/destacado/820/detalle,PROMOCIÓN 18 CUOTAS SIN INTERESES Vigencia: • Del 12 de febrero del 2026 al 31 de diciembre del 2026. Beneficio: • Hasta 18 cuotas sin intereses.
Sudameris,CLUB SOCIAL ÁREA 4 - CIUDAD DEL ESTE,CLUB SOCIAL ÁREA 4 - CIUDAD DEL ESTE,• Todos los días. • Desde el 11 de febrero hasta el 31 de diciembre 2026..,11 de febrero,31 de diciembre 2026,"• 10% de reintegro en el extracto y exclusivamente a compras realizadas con Tarjetas de Crédito MasterCard y Visa, para pagos vía débito automático de las cuotas sociales del club. Tope de compra mensual: Gs. 300.000 por cuenta de tarjeta de crédito. • Hasta 12 cuotas sin interés.",10%,Tope de compra mensual: Gs. 300.000,Hasta 12 cuotas sin interés,https://www.sudameris.com.py/storage/app/uploads/public/699/f5b/828/699f5b828c811880796131.pdf,https://www.sudameris.com.py/beneficios/destacado/826/detalle,"CLUB SOCIAL ÁREA 4 - CIUDAD DEL ESTE VIGENCIA • Todos los días. • Desde el 11 de febrero hasta el 31 de diciembre 2026.. BENEFICIOS • 10% de reintegro en el extracto y exclusivamente a compras realizadas con Tarjetas de Crédito MasterCard y Visa, para pagos vía débito automático de las cuotas sociales del club. Tope de compra mensual: Gs. 300.000 por cuenta de tarjeta de crédito. • Hasta 12 cuotas sin interés."
Sudameris,FRIGOMAS,FRIGOMAS,• Viernes. • Desde el 07 de agosto al 25 de diciembre 2026.,,,• 25% de reintegro directo pagando con tarjetas de crédito de Sudameris.,25%,,,https://www.sudameris.com.py/storage/app/uploads/public/6ab/bff/bfa/6abbffbfa9db3111196297.pdf,https://www.sudameris.com.py/beneficios/destacado/846/detalle,FRIGOMAS - CARNES PARAGUAYAS VIGENCIA • Viernes. • Desde el 07 de agosto al 25 de diciembre 2026. BENEFICIOS • 25% de reintegro directo pagando con tarjetas de crédito de Sudameris.
Sudameris,SERENDIPITY - LA HORNALLA - CANTINA COLEGIOS,SERENDIPITY - LA HORNALLA - CANTINA COLEGIOS,• Lunes a viernes. • Desde el 20 de abril hasta el 30 de noviembre 2026.,20 de abril,30 de noviembre 2026,• 15% de reintegro directo en extracto pagando con tarjetas de crédito de Sudameris.,15%,,,https://www.sudameris.com.py/storage/app/uploads/public/69e/12a/f55/69e12af55659f802356879.pdf,https://www.sudameris.com.py/beneficios/destacado/858/detalle,"SERENDIPITY CANTINA COLEGIOS: GOETHE, CAMPOALTO, LAS ALMENAS Y LAS ALMENITAS VIGENCIA • Lunes a viernes. • Desde el 20 de abril hasta el 30 de noviembre 2026. BENEFICIOS • 15% de reintegro directo en extracto pagando con tarjetas de crédito de Sudameris."
Sudameris,LIVE FITNESS,LIVE FITNESS,• Todos los días. • Desde el 27 de abril hasta el 31 de diciembre 2026.,27 de abril,31 de diciembre 2026,• Membresía trimestral: 10% de descuento en caja y hasta 3 cuotas sin intereses. • Membresía semestral: 15% de descuento en caja y hasta 6 cuotas sin intereses. • Membresía anual: 20% de descuento en caja y hasta 12 cuotas sin intereses.,10%; 15%; 20%,,hasta 3 cuotas sin intereses; hasta 6 cuotas sin intereses; hasta 12 cuotas sin intereses,https://www.sudameris.com.py/storage/app/uploads/public/69e/789/268/69e7892689190976133153.pdf,https://www.sudameris.com.py/beneficios/destacado/861/detalle,LIVE FITNESS – ASUNCION VIGENCIA • Todos los días. • Desde el 27 de abril hasta el 31 de diciembre 2026. BENEFICIOS • Membresía trimestral: 10% de descuento en caja y hasta 3 cuotas sin intereses. • Membresía semestral: 15% de descuento en caja y hasta 6 cuotas sin intereses. • Membresía anual: 20% de descuento en caja y hasta 12 cuotas sin intereses.
Sudameris,LE BISTRO DE LA ROTONDE – DISTRITO PERSEVERANCIA,LE BISTRO DE LA ROTONDE – DISTRITO PERSEVERANCIA,• De lunes a miércoles. • Desde el 06 de julio hasta el 30 de diciembre 2026.,06 de julio,30 de diciembre 2026,"• 20% de reintegro directo en extracto, con tarjetas de crédito de Sudameris. • 25% de reintegro directo en extracto, con tarjetas de crédito MasterCard Black y Visa Infinite de Sudameris.",20%; 25%,,,https://www.sudameris.com.py/storage/app/uploads/public/6ab/d52/489/6abd52489d8c8476343628.pdf,https://www.sudameris.com.py/beneficios/destacado/897/detalle,"LE BISTRO DE LA ROTONDE – DISTRITO PERSEVERANCIA VIGENCIA • De lunes a miércoles. • Desde el 06 de julio hasta el 30 de diciembre 2026. BENEFICIOS • 20% de reintegro directo en extracto, con tarjetas de crédito de Sudameris. • 25% de reintegro directo en extracto, con tarjetas de crédito MasterCard Black y Visa Infinite de Sudameris."
Sudameris,PARANA HOGAR / COLCHONES,PARANA HOGAR / COLCHONES,• Todos los viernes. • Desde el 03 de agosto hasta el 31 de octubre 2026.,03 de agosto,31 de octubre 2026,• 30% de reintegro directo en extracto pagando con tarjetas de crédito de Sudameris. • Hasta 12 cuotas sin intereses.,30%,,Hasta 12 cuotas sin intereses,https://www.sudameris.com.py/storage/app/uploads/public/6a7/5d4/ad8/6a75d4ad8ad06272020953.pdf,https://www.sudameris.com.py/beneficios/destacado/903/detalle,PARANA HOGAR / COLCHONES VIGENCIA • Todos los viernes. • Desde el 03 de agosto hasta el 31 de octubre 2026. BENEFICIOS • 30% de reintegro directo en extracto pagando con tarjetas de crédito de Sudameris. • Hasta 12 cuotas sin intereses.
Sudameris,COLEGIO SAN ANDRÉS,COLEGIO SAN ANDRÉS,• Desde el 07 de setiembre hasta el 31 de diciembre 2026.,07 de setiembre,31 de diciembre 2026,• Hasta 15 cuotas sin interés.,,,Hasta 15 cuotas sin interés,https://www.sudameris.com.py/storage/app/uploads/public/6a9/eed/d9c/6a9eedd9c673a015066069.pdf,https://www.sudameris.com.py/beneficios/destacado/916/detalle,COLEGIO SAN ANDRÉS VIGENCIA • Desde el 07 de setiembre hasta el 31 de diciembre 2026. BENEFICIO • Hasta 15 cuotas sin interés.
Sudameris,MENTES EXPERTAS – ENRIQUE ROJAS,MENTES EXPERTAS – ENRIQUE ROJAS,• Desde el 24 de septiembre 2026 (o hasta agotar stock de entradas).,,,"• 20% de descuento directo en compra de entradas, pagando con tarjetas de crédito de Sudameris.",20%,,,https://www.sudameris.com.py/storage/app/uploads/public/6ab/57a/b29/6ab57ab299307512628734.pdf,https://www.sudameris.com.py/beneficios/destacado/926/detalle,"MENTES EXPERTAS – ENRIQUE ROJAS VIGENCIA • Desde el 24 de septiembre 2026 (o hasta agotar stock de entradas). BENEFICIO • 20% de descuento directo en compra de entradas, pagando con tarjetas de crédito de Sudameris."
Sudameris,CLUB DEPORTIVO PUERTO SAJONIA (CDPS).,CLUB DEPORTIVO PUERTO SAJONIA (CDPS).,• Todos los días. • Desde el 01 de octubre 2026 hasta el 31 de julio de 2028.,01 de octubre 2026,31 de julio de 2028,"• 20% de reintegro en el extracto de tarjeta de crédito en los restaurantes del Club Deportivo de Puerto Sajonia (CDPS): • Atípico - Tope de compra mensual Gs. 350.000 por cuenta de tarjeta. • Cristo de las Redes - Tope de compra mensual Gs. 150.000 por cuenta de tarjeta. • Arsenio Cantina Bar - Tope de compra mensual Gs. 350.000 por cuenta de tarjeta. • La Guari - Tope de compra mensual Gs. 150.000 por cuenta de tarjeta. • 10% de reintegro aplica única y exclusivamente a compras realizadas con Tarjetas de Crédito MasterCard y Visa, para pagos vía débito automático de las cuotas sociales del club. Tope mensual de compra Gs. 500.000 por cuenta de tarjeta. • Hasta 36 cuotas sin interés para pago de las membresías (adelantadas o atrasadas), llamando al Call Center para indicar la cantidad de cuotas.",10%; 20%,Tope de compra mensual Gs. 350.000; Tope de compra mensual Gs. 150.000; Tope mensual de compra Gs. 500.000,Hasta 36 cuotas sin interés,,https://www.sudameris.com.py/beneficios/destacado/927/detalle,"CLUB DEPORTIVO DE PUERTO SAJONIA (CDPS) VIGENCIA • Todos los días. • Desde el 01 de octubre 2026 hasta el 31 de julio de 2028. BENEFICIOS • 20% de reintegro en el extracto de tarjeta de crédito en los restaurantes del Club Deportivo de Puerto Sajonia (CDPS): • Atípico - Tope de compra mensual Gs. 350.000 por cuenta de tarjeta. • Cristo de las Redes - Tope de compra mensual Gs. 150.000 por cuenta de tarjeta. • Arsenio Cantina Bar - Tope de compra mensual Gs. 350.000 por cuenta de tarjeta. • La Guari - Tope de compra mensual Gs. 150.000 por cuenta de tarjeta. • 10% de reintegro aplica única y exclusivamente a compras realizadas con Tarjetas de Crédito MasterCard y Visa, para pagos vía débito automático de las cuotas sociales del club. Tope mensual de compra Gs. 500.000 por cuenta de tarjeta. • Hasta 36 cuotas sin interés para pago de las membresías (adelantadas o atrasadas), llamando al Call Center para indicar la cantidad de cuotas."
Sudameris,SASPY EXPRESS,SASPY EXPRESS,Desde el 01 de octubre hasta el 31 de diciembre 2026.,01 de octubre,31 de diciembre 2026,• 15% de reintegro directo pagando con tarjetas de crédito de Sudameris. • 20% de reintegro directo pagando con tarjetas de crédito MasterCard Black y Visa Infinite de Sudameris. • Hasta 10 cuotas sin interés. COMPRAS EN EL EXTERIOR – 6 CUOTAS SIN INTERÉS,15%; 20%,,Hasta 10 cuotas sin interés; 6 CUOTAS SIN INTERÉS,,https://www.sudameris.com.py/beneficios/destacado/928/detalle,SASPY EXPRESS VIGENCIA Desde el 01 de octubre hasta el 31 de diciembre 2026. BENEFICIOS • 15% de reintegro directo pagando con tarjetas de crédito de Sudameris. • 20% de reintegro directo pagando con tarjetas de crédito MasterCard Black y Visa Infinite de Sudameris. • Hasta 10 cuotas sin interés. COMPRAS EN EL EXTERIOR – 6 CUOTAS SIN INTERÉS VIGENCIA • Todos los días hasta el 31 de diciembre del 2026.
